"Start Time","Duration","Run ID","Name","Source Type","Source Name","User","Status","classifier__C","classifier__criterion","classifier__max_depth","classifier__min_samples_split","classifier__n_estimators","classifier__penalty","classifier__solver","feature_selection__threshold","final_test_accuracy","test_accuracy","source_run_id","run_status","error_message"
"2025-03-24 22:09:29","2.0s","e034f0e3fb014ed090feec0ab1f1a4d3","Logistic Regression + Feature Selection - Combo 23","LOCAL","/opt/homebrew/anaconda3/envs/mlops/lib/python3.12/site-packages/ipykernel_launcher.py","emmajuansalazar","FINISHED","10","","","","","l1","liblinear","0.01","","0.7857142857142857","","",""
"2025-03-24 22:09:25","1.7s","3b30b4ae8b1d40398e63aed481d7867d","Logistic Regression + Feature Selection - Combo 21","LOCAL","/opt/homebrew/anaconda3/envs/mlops/lib/python3.12/site-packages/ipykernel_launcher.py","emmajuansalazar","FINISHED","10","","","","","l1","liblinear","mean","","0.7857142857142857","","",""
"2025-03-24 22:09:27","1.8s","884f8ac756b9463f841eeaf6fa56f548","Logistic Regression + Feature Selection - Combo 22","LOCAL","/opt/homebrew/anaconda3/envs/mlops/lib/python3.12/site-packages/ipykernel_launcher.py","emmajuansalazar","FINISHED","10","","","","","l1","liblinear","median","","0.7619047619047619","","",""
"2025-03-24 22:09:23","1.8s","9d9f75f2e4bf4fbd92a55f93f37e6708","Logistic Regression + Feature Selection - Combo 17","LOCAL","/opt/homebrew/anaconda3/envs/mlops/lib/python3.12/site-packages/ipykernel_launcher.py","emmajuansalazar","FINISHED","1","","","","","l1","liblinear","0.01","","0.7619047619047619","","",""
"2025-03-24 22:09:22","1.7s","ab9fe17447f54d238db70e60d5a620d5","Logistic Regression + Feature Selection - Combo 16","LOCAL","/opt/homebrew/anaconda3/envs/mlops/lib/python3.12/site-packages/ipykernel_launcher.py","emmajuansalazar","FINISHED","1","","","","","l1","liblinear","median","","0.7619047619047619","","",""
"2025-03-24 22:09:20","1.7s","3e4f07e4b2be49b4aeaa18d772a410bd","Logistic Regression + Feature Selection - Combo 15","LOCAL","/opt/homebrew/anaconda3/envs/mlops/lib/python3.12/site-packages/ipykernel_launcher.py","emmajuansalazar","FINISHED","1","","","","","l1","liblinear","mean","","0.7619047619047619","","",""
"2025-03-24 22:09:18","1.8s","7c853769d52d4f7584ad3fb9f80450ee","Logistic Regression + Feature Selection - Combo 11","LOCAL","/opt/homebrew/anaconda3/envs/mlops/lib/python3.12/site-packages/ipykernel_launcher.py","emmajuansalazar","FINISHED","0.1","","","","","l1","liblinear","0.01","","0.7619047619047619","","",""
"2025-03-24 22:09:16","1.8s","3fbdc2ff672242dc9abed68b5ad084db","Logistic Regression + Feature Selection - Combo 10","LOCAL","/opt/homebrew/anaconda3/envs/mlops/lib/python3.12/site-packages/ipykernel_launcher.py","emmajuansalazar","FINISHED","0.1","","","","","l1","liblinear","median","","0.7619047619047619","","",""
"2025-03-24 22:09:14","1.8s","bc946cb2796849869779f82ae58b0318","Logistic Regression + Feature Selection - Combo 9","LOCAL","/opt/homebrew/anaconda3/envs/mlops/lib/python3.12/site-packages/ipykernel_launcher.py","emmajuansalazar","FINISHED","0.1","","","","","l1","liblinear","mean","","0.7619047619047619","","",""
"2025-03-24 22:09:12","2.0s","92030bac9c1d419cad9b687d4f49fc64","Logistic Regression + Feature Selection - Combo 5","LOCAL","/opt/homebrew/anaconda3/envs/mlops/lib/python3.12/site-packages/ipykernel_launcher.py","emmajuansalazar","FINISHED","0.01","","","","","l1","liblinear","0.01","","0.7619047619047619","","",""
"2025-03-24 22:09:11","1.7s","82a327e6afad4cdc9c69aac185f421ed","Logistic Regression + Feature Selection - Combo 4","LOCAL","/opt/homebrew/anaconda3/envs/mlops/lib/python3.12/site-packages/ipykernel_launcher.py","emmajuansalazar","FINISHED","0.01","","","","","l1","liblinear","median","","0.7619047619047619","","",""
"2025-03-24 22:09:09","1.7s","5085223000a04fc79cd0e74229a310ea","Logistic Regression + Feature Selection - Combo 3","LOCAL","/opt/homebrew/anaconda3/envs/mlops/lib/python3.12/site-packages/ipykernel_launcher.py","emmajuansalazar","FINISHED","0.01","","","","","l1","liblinear","mean","","0.7619047619047619","","",""
"2025-03-24 22:09:02","1.7s","3621f11fcd434000b25a8357e6bea552","Logistic Regression - Combo 31","LOCAL","/opt/homebrew/anaconda3/envs/mlops/lib/python3.12/site-packages/ipykernel_launcher.py","emmajuansalazar","FINISHED","10","","","","","l2","liblinear","","","0.7619047619047619","","",""
"2025-03-24 22:09:00","1.8s","63f943ea5f79469881f99061d5db24f7","Logistic Regression - Combo 30","LOCAL","/opt/homebrew/anaconda3/envs/mlops/lib/python3.12/site-packages/ipykernel_launcher.py","emmajuansalazar","FINISHED","10","","","","","l2","lbfgs","","","0.7619047619047619","","",""
"2025-03-24 22:08:57","1.7s","68cd5fd4f5dd4944b16ea400fc6c50d9","Logistic Regression - Combo 28","LOCAL","/opt/homebrew/anaconda3/envs/mlops/lib/python3.12/site-packages/ipykernel_launcher.py","emmajuansalazar","FINISHED","10","","","","","l1","liblinear","","","0.7619047619047619","","",""
"2025-03-24 22:08:44","1.7s","319f92cd585f4f53910de0e9f16a090b","Logistic Regression - Combo 19","LOCAL","/opt/homebrew/anaconda3/envs/mlops/lib/python3.12/site-packages/ipykernel_launcher.py","emmajuansalazar","FINISHED","1","","","","","l1","liblinear","","","0.7619047619047619","","",""
"2025-03-24 22:08:34","1.6s","4b23299603ed44c5ac3562c1b6732f92","Logistic Regression - Combo 11","LOCAL","/opt/homebrew/anaconda3/envs/mlops/lib/python3.12/site-packages/ipykernel_launcher.py","emmajuansalazar","FINISHED","0.1","","","","","l1","saga","","","0.7619047619047619","","",""
"2025-03-24 22:08:32","1.8s","989e0c1a471344c0a7de1db88fda9625","Logistic Regression - Combo 10","LOCAL","/opt/homebrew/anaconda3/envs/mlops/lib/python3.12/site-packages/ipykernel_launcher.py","emmajuansalazar","FINISHED","0.1","","","","","l1","liblinear","","","0.7619047619047619","","",""
"2025-03-24 22:08:27","1.8s","b9bfd78035a847a9831b28cca99bc061","Logistic Regression - Combo 5","LOCAL","/opt/homebrew/anaconda3/envs/mlops/lib/python3.12/site-packages/ipykernel_launcher.py","emmajuansalazar","FINISHED","0.01","","","","","l2","saga","","","0.7619047619047619","","",""
"2025-03-24 22:08:25","1.7s","4495c335b99a482586155811d0c96e9f","Logistic Regression - Combo 4","LOCAL","/opt/homebrew/anaconda3/envs/mlops/lib/python3.12/site-packages/ipykernel_launcher.py","emmajuansalazar","FINISHED","0.01","","","","","l2","liblinear","","","0.7619047619047619","","",""
"2025-03-24 22:08:23","1.6s","55d204458aaa4e4993dbb10d3d963453","Logistic Regression - Combo 3","LOCAL","/opt/homebrew/anaconda3/envs/mlops/lib/python3.12/site-packages/ipykernel_launcher.py","emmajuansalazar","FINISHED","0.01","","","","","l2","lbfgs","","","0.7619047619047619","","",""
"2025-03-24 22:08:22","1.6s","84fdb3442bc2405d9a6ebd01271a6b5f","Logistic Regression - Combo 2","LOCAL","/opt/homebrew/anaconda3/envs/mlops/lib/python3.12/site-packages/ipykernel_launcher.py","emmajuansalazar","FINISHED","0.01","","","","","l1","saga","","","0.7619047619047619","","",""
"2025-03-24 22:08:20","1.6s","81d1eb033a9d4d18a9b9ad759f38452f","Logistic Regression - Combo 1","LOCAL","/opt/homebrew/anaconda3/envs/mlops/lib/python3.12/site-packages/ipykernel_launcher.py","emmajuansalazar","FINISHED","0.01","","","","","l1","liblinear","","","0.7619047619047619","","",""
"2025-03-24 22:11:09","2.0s","77d5cfc205f14553bfa07efbee019052","Decision Tree + Feature Selection - Combo 32","LOCAL","/opt/homebrew/anaconda3/envs/mlops/lib/python3.12/site-packages/ipykernel_launcher.py","emmajuansalazar","FINISHED","","entropy","None","5","","","","0.01","","0.7380952380952381","","",""
"2025-03-24 22:11:07","1.8s","b0d5409c59e3478cb2cabc5befb40cab","Decision Tree + Feature Selection - Combo 31","LOCAL","/opt/homebrew/anaconda3/envs/mlops/lib/python3.12/site-packages/ipykernel_launcher.py","emmajuansalazar","FINISHED","","entropy","None","5","","","","median","","0.7380952380952381","","",""
"2025-03-24 22:11:02","1.6s","c130bb3cd15c4ff3b527fb63efd6005c","Decision Tree + Feature Selection - Combo 28","LOCAL","/opt/homebrew/anaconda3/envs/mlops/lib/python3.12/site-packages/ipykernel_launcher.py","emmajuansalazar","FINISHED","","entropy","None","2","","","","median","","0.7380952380952381","","",""
"2025-03-24 22:10:09","1.8s","e2495a91c7de44ebb5823766eb816aed","Decision Tree - Combo 22","LOCAL","/opt/homebrew/anaconda3/envs/mlops/lib/python3.12/site-packages/ipykernel_launcher.py","emmajuansalazar","FINISHED","","entropy","None","5","","","","","","0.7380952380952381","","",""
"2025-03-24 22:10:07","1.8s","7bfb466bf0e949ce848fb70e74e47604","Decision Tree - Combo 21","LOCAL","/opt/homebrew/anaconda3/envs/mlops/lib/python3.12/site-packages/ipykernel_launcher.py","emmajuansalazar","FINISHED","","entropy","None","2","","","","","","0.7380952380952381","","",""
"2025-03-24 22:09:07","1.8s","fe6574649593420e8da6080308a322bf","Logistic Regression - Combo 35","LOCAL","/opt/homebrew/anaconda3/envs/mlops/lib/python3.12/site-packages/ipykernel_launcher.py","emmajuansalazar","FINISHED","10","","","","","None","saga","","","0.7380952380952381","","",""
"2025-03-24 22:09:05","1.8s","27be432a05434159bdccf1159882514e","Logistic Regression - Combo 33","LOCAL","/opt/homebrew/anaconda3/envs/mlops/lib/python3.12/site-packages/ipykernel_launcher.py","emmajuansalazar","FINISHED","10","","","","","None","lbfgs","","","0.7380952380952381","","",""
"2025-03-24 22:08:55","1.7s","a3008d3c8d464a9292dc8824884c5efd","Logistic Regression - Combo 26","LOCAL","/opt/homebrew/anaconda3/envs/mlops/lib/python3.12/site-packages/ipykernel_launcher.py","emmajuansalazar","FINISHED","1","","","","","None","saga","","","0.7380952380952381","","",""
"2025-03-24 22:08:53","1.7s","95013debf3734681983de0da3af3eecf","Logistic Regression - Combo 24","LOCAL","/opt/homebrew/anaconda3/envs/mlops/lib/python3.12/site-packages/ipykernel_launcher.py","emmajuansalazar","FINISHED","1","","","","","None","lbfgs","","","0.7380952380952381","","",""
"2025-03-24 22:08:48","1.8s","615899951b884fd7a48ac070a0794c3c","Logistic Regression - Combo 21","LOCAL","/opt/homebrew/anaconda3/envs/mlops/lib/python3.12/site-packages/ipykernel_launcher.py","emmajuansalazar","FINISHED","1","","","","","l2","lbfgs","","","0.7380952380952381","","",""
"2025-03-24 22:08:43","1.7s","1fd5902c493247d38b81670a6964e95c","Logistic Regression - Combo 17","LOCAL","/opt/homebrew/anaconda3/envs/mlops/lib/python3.12/site-packages/ipykernel_launcher.py","emmajuansalazar","FINISHED","0.1","","","","","None","saga","","","0.7380952380952381","","",""
"2025-03-24 22:08:41","1.8s","d75bec7d37c645ea982faad9b633262f","Logistic Regression - Combo 15","LOCAL","/opt/homebrew/anaconda3/envs/mlops/lib/python3.12/site-packages/ipykernel_launcher.py","emmajuansalazar","FINISHED","0.1","","","","","None","lbfgs","","","0.7380952380952381","","",""
"2025-03-24 22:08:37","1.8s","20a699f6e0c549679940a7d0a1e0e1c8","Logistic Regression - Combo 13","LOCAL","/opt/homebrew/anaconda3/envs/mlops/lib/python3.12/site-packages/ipykernel_launcher.py","emmajuansalazar","FINISHED","0.1","","","","","l2","liblinear","","","0.7380952380952381","","",""
"2025-03-24 22:08:30","1.9s","3ac5342ea8114a9894f7abaae3f2cf99","Logistic Regression - Combo 8","LOCAL","/opt/homebrew/anaconda3/envs/mlops/lib/python3.12/site-packages/ipykernel_launcher.py","emmajuansalazar","FINISHED","0.01","","","","","None","saga","","","0.7380952380952381","","",""
"2025-03-24 22:08:28","1.9s","ad262dc3450c408ca2e39d325ca25723","Logistic Regression - Combo 6","LOCAL","/opt/homebrew/anaconda3/envs/mlops/lib/python3.12/site-packages/ipykernel_launcher.py","emmajuansalazar","FINISHED","0.01","","","","","None","lbfgs","","","0.7380952380952381","","",""
"2025-03-24 22:12:33","1.9s","87e89d4801ef432295ce6e8cd909b144","Random Forest - Combo 23","LOCAL","/opt/homebrew/anaconda3/envs/mlops/lib/python3.12/site-packages/ipykernel_launcher.py","emmajuansalazar","FINISHED","","entropy","10","5","200","","","","","0.7142857142857143","","",""
"2025-03-24 22:12:29","2.0s","db2d899d28dd4a6195eb2b37dc4c9d1a","Random Forest - Combo 21","LOCAL","/opt/homebrew/anaconda3/envs/mlops/lib/python3.12/site-packages/ipykernel_launcher.py","emmajuansalazar","FINISHED","","entropy","10","2","200","","","","","0.7142857142857143","","",""
"2025-03-24 22:12:24","1.7s","274b640a09bd4555adc3036b35d8d08d","Random Forest - Combo 18","LOCAL","/opt/homebrew/anaconda3/envs/mlops/lib/python3.12/site-packages/ipykernel_launcher.py","emmajuansalazar","FINISHED","","entropy","5","5","100","","","","","0.7142857142857143","","",""
"2025-03-24 22:12:22","1.9s","8a5b845bcc8041eb88c8f8181c3a9bb1","Random Forest - Combo 17","LOCAL","/opt/homebrew/anaconda3/envs/mlops/lib/python3.12/site-packages/ipykernel_launcher.py","emmajuansalazar","FINISHED","","entropy","5","2","200","","","","","0.7142857142857143","","",""
"2025-03-24 22:12:20","1.9s","6ab49e71d07247da943497385c245b88","Random Forest - Combo 16","LOCAL","/opt/homebrew/anaconda3/envs/mlops/lib/python3.12/site-packages/ipykernel_launcher.py","emmajuansalazar","FINISHED","","entropy","5","2","100","","","","","0.7142857142857143","","",""
"2025-03-24 22:12:18","1.9s","1cb8fde45fca4f0293c06c752067e95b","Random Forest - Combo 15","LOCAL","/opt/homebrew/anaconda3/envs/mlops/lib/python3.12/site-packages/ipykernel_launcher.py","emmajuansalazar","FINISHED","","entropy","None","5","200","","","","","0.7142857142857143","","",""
"2025-03-24 22:12:14","1.9s","b01365e989704a04a614bf29c8ce7fc2","Random Forest - Combo 13","LOCAL","/opt/homebrew/anaconda3/envs/mlops/lib/python3.12/site-packages/ipykernel_launcher.py","emmajuansalazar","FINISHED","","entropy","None","2","200","","","","","0.7142857142857143","","",""
"2025-03-24 22:12:10","2.0s","5233a55eab294825a8cf872b8601ec11","Random Forest - Combo 11","LOCAL","/opt/homebrew/anaconda3/envs/mlops/lib/python3.12/site-packages/ipykernel_launcher.py","emmajuansalazar","FINISHED","","gini","10","5","200","","","","","0.7142857142857143","","",""
"2025-03-24 22:11:59","1.7s","b92c4e509125425fba427294233de7c8","Random Forest - Combo 5","LOCAL","/opt/homebrew/anaconda3/envs/mlops/lib/python3.12/site-packages/ipykernel_launcher.py","emmajuansalazar","FINISHED","","gini","5","2","200","","","","","0.7142857142857143","","",""
"2025-03-24 22:11:04","2.0s","5e5db35ed24e47d1b9e28c505c6d30a9","Decision Tree + Feature Selection - Combo 29","LOCAL","/opt/homebrew/anaconda3/envs/mlops/lib/python3.12/site-packages/ipykernel_launcher.py","emmajuansalazar","FINISHED","","entropy","None","2","","","","0.01","","0.7142857142857143","","",""
"2025-03-24 22:10:38","1.9s","69ce3da949474ea899173943458ee954","Decision Tree + Feature Selection - Combo 14","LOCAL","/opt/homebrew/anaconda3/envs/mlops/lib/python3.12/site-packages/ipykernel_launcher.py","emmajuansalazar","FINISHED","","gini","5","5","","","","0.01","","0.7142857142857143","","",""
"2025-03-24 22:10:21","1.7s","3d42a38efcba4a63a46bff684793c897","Decision Tree + Feature Selection - Combo 5","LOCAL","/opt/homebrew/anaconda3/envs/mlops/lib/python3.12/site-packages/ipykernel_launcher.py","emmajuansalazar","FINISHED","","gini","None","5","","","","0.01","","0.7142857142857143","","",""
"2025-03-24 22:10:20","1.8s","d8e6691434c445e0a1e24b83cd765b59","Decision Tree + Feature Selection - Combo 4","LOCAL","/opt/homebrew/anaconda3/envs/mlops/lib/python3.12/site-packages/ipykernel_launcher.py","emmajuansalazar","FINISHED","","gini","None","5","","","","median","","0.7142857142857143","","",""
"2025-03-24 22:09:48","1.8s","6a3f3c06edda49299b0083758d4b0607","Decision Tree - Combo 10","LOCAL","/opt/homebrew/anaconda3/envs/mlops/lib/python3.12/site-packages/ipykernel_launcher.py","emmajuansalazar","FINISHED","","gini","None","5","","","","","","0.7142857142857143","","",""
"2025-03-24 22:09:04","1.8s","c0f621f21eba46959cef4214dfb1c9e4","Logistic Regression - Combo 32","LOCAL","/opt/homebrew/anaconda3/envs/mlops/lib/python3.12/site-packages/ipykernel_launcher.py","emmajuansalazar","FINISHED","10","","","","","l2","saga","","","0.7142857142857143","","",""
"2025-03-24 22:08:58","1.9s","8a59a3ba5a5b45fa87ba04b0d41c5110","Logistic Regression - Combo 29","LOCAL","/opt/homebrew/anaconda3/envs/mlops/lib/python3.12/site-packages/ipykernel_launcher.py","emmajuansalazar","FINISHED","10","","","","","l1","saga","","","0.7142857142857143","","",""
"2025-03-24 22:08:51","1.8s","62a42e8d2b554ab4af780efca305b098","Logistic Regression - Combo 23","LOCAL","/opt/homebrew/anaconda3/envs/mlops/lib/python3.12/site-packages/ipykernel_launcher.py","emmajuansalazar","FINISHED","1","","","","","l2","saga","","","0.7142857142857143","","",""
"2025-03-24 22:08:50","1.7s","948a42d8c3cb487eba5bc2bdbe3d6017","Logistic Regression - Combo 22","LOCAL","/opt/homebrew/anaconda3/envs/mlops/lib/python3.12/site-packages/ipykernel_launcher.py","emmajuansalazar","FINISHED","1","","","","","l2","liblinear","","","0.7142857142857143","","",""
"2025-03-24 22:08:46","1.8s","8cf58331d5eb4518b37bb2e01206ec5e","Logistic Regression - Combo 20","LOCAL","/opt/homebrew/anaconda3/envs/mlops/lib/python3.12/site-packages/ipykernel_launcher.py","emmajuansalazar","FINISHED","1","","","","","l1","saga","","","0.7142857142857143","","",""
"2025-03-24 22:08:39","1.7s","e8bf1b2593fd47769cd5832daa1dad91","Logistic Regression - Combo 14","LOCAL","/opt/homebrew/anaconda3/envs/mlops/lib/python3.12/site-packages/ipykernel_launcher.py","emmajuansalazar","FINISHED","0.1","","","","","l2","saga","","","0.7142857142857143","","",""
"2025-03-24 22:08:36","1.7s","760cc78e70934c59b2e2fefa13946b36","Logistic Regression - Combo 12","LOCAL","/opt/homebrew/anaconda3/envs/mlops/lib/python3.12/site-packages/ipykernel_launcher.py","emmajuansalazar","FINISHED","0.1","","","","","l2","lbfgs","","","0.7142857142857143","","",""
"2025-03-24 22:12:31","1.9s","82a4e87412ee49f29e2e02140d729a82","Random Forest - Combo 22","LOCAL","/opt/homebrew/anaconda3/envs/mlops/lib/python3.12/site-packages/ipykernel_launcher.py","emmajuansalazar","FINISHED","","entropy","10","5","100","","","","","0.6904761904761905","","",""
"2025-03-24 22:12:27","1.9s","fce65880c55c4c4cad85fd48418ba743","Random Forest - Combo 20","LOCAL","/opt/homebrew/anaconda3/envs/mlops/lib/python3.12/site-packages/ipykernel_launcher.py","emmajuansalazar","FINISHED","","entropy","10","2","100","","","","","0.6904761904761905","","",""
"2025-03-24 22:12:25","2.1s","22fd0b77daee496099785f0555d91374","Random Forest - Combo 19","LOCAL","/opt/homebrew/anaconda3/envs/mlops/lib/python3.12/site-packages/ipykernel_launcher.py","emmajuansalazar","FINISHED","","entropy","5","5","200","","","","","0.6904761904761905","","",""
"2025-03-24 22:12:16","2.0s","c3cb4fc08413443cab84c8a41df9fec9","Random Forest - Combo 14","LOCAL","/opt/homebrew/anaconda3/envs/mlops/lib/python3.12/site-packages/ipykernel_launcher.py","emmajuansalazar","FINISHED","","entropy","None","5","100","","","","","0.6904761904761905","","",""
"2025-03-24 22:12:12","1.9s","c1ef7cefeaf14656abe819477abd2826","Random Forest - Combo 12","LOCAL","/opt/homebrew/anaconda3/envs/mlops/lib/python3.12/site-packages/ipykernel_launcher.py","emmajuansalazar","FINISHED","","entropy","None","2","100","","","","","0.6904761904761905","","",""
"2025-03-24 22:12:08","1.7s","d95469e878e54ccdbd988bfcba177799","Random Forest - Combo 10","LOCAL","/opt/homebrew/anaconda3/envs/mlops/lib/python3.12/site-packages/ipykernel_launcher.py","emmajuansalazar","FINISHED","","gini","10","5","100","","","","","0.6904761904761905","","",""
"2025-03-24 22:12:07","1.7s","617cdedb53c640249f748a1c1218e643","Random Forest - Combo 9","LOCAL","/opt/homebrew/anaconda3/envs/mlops/lib/python3.12/site-packages/ipykernel_launcher.py","emmajuansalazar","FINISHED","","gini","10","2","200","","","","","0.6904761904761905","","",""
"2025-03-24 22:12:05","1.9s","ab95c355e5284a22acd93d6dcd12bb76","Random Forest - Combo 8","LOCAL","/opt/homebrew/anaconda3/envs/mlops/lib/python3.12/site-packages/ipykernel_launcher.py","emmajuansalazar","FINISHED","","gini","10","2","100","","","","","0.6904761904761905","","",""
"2025-03-24 22:12:03","1.9s","5dfa195bd99d4723afd542af4cd9a25e","Random Forest - Combo 7","LOCAL","/opt/homebrew/anaconda3/envs/mlops/lib/python3.12/site-packages/ipykernel_launcher.py","emmajuansalazar","FINISHED","","gini","5","5","200","","","","","0.6904761904761905","","",""
"2025-03-24 22:12:01","1.7s","95995a85809745a888e8c2dddcc9070a","Random Forest - Combo 6","LOCAL","/opt/homebrew/anaconda3/envs/mlops/lib/python3.12/site-packages/ipykernel_launcher.py","emmajuansalazar","FINISHED","","gini","5","5","100","","","","","0.6904761904761905","","",""
"2025-03-24 22:11:58","1.8s","0f341903facd4a719800f3c58e3060e9","Random Forest - Combo 4","LOCAL","/opt/homebrew/anaconda3/envs/mlops/lib/python3.12/site-packages/ipykernel_launcher.py","emmajuansalazar","FINISHED","","gini","5","2","100","","","","","0.6904761904761905","","",""
"2025-03-24 22:11:56","1.8s","dcb560fec85543c49169a497c5ba0970","Random Forest - Combo 3","LOCAL","/opt/homebrew/anaconda3/envs/mlops/lib/python3.12/site-packages/ipykernel_launcher.py","emmajuansalazar","FINISHED","","gini","None","5","200","","","","","0.6904761904761905","","",""
"2025-03-24 22:11:54","1.7s","f9fdea664b9f44ecb5664d6e9ab949db","Random Forest - Combo 2","LOCAL","/opt/homebrew/anaconda3/envs/mlops/lib/python3.12/site-packages/ipykernel_launcher.py","emmajuansalazar","FINISHED","","gini","None","5","100","","","","","0.6904761904761905","","",""
"2025-03-24 22:11:52","2.0s","3803fe5bd5a64815a07dfb2c87706e8d","Random Forest - Combo 1","LOCAL","/opt/homebrew/anaconda3/envs/mlops/lib/python3.12/site-packages/ipykernel_launcher.py","emmajuansalazar","FINISHED","","gini","None","2","200","","","","","0.6904761904761905","","",""
"2025-03-24 22:11:50","1.9s","b471af2bd9f947d3b0ed477255ecc95c","Random Forest - Combo 0","LOCAL","/opt/homebrew/anaconda3/envs/mlops/lib/python3.12/site-packages/ipykernel_launcher.py","emmajuansalazar","FINISHED","","gini","None","2","100","","","","","0.6904761904761905","","",""
"2025-03-24 22:11:41","1.8s","c5d4415747224ecb9c0814c27cdbd98e","Decision Tree + Feature Selection - Combo 49","LOCAL","/opt/homebrew/anaconda3/envs/mlops/lib/python3.12/site-packages/ipykernel_launcher.py","emmajuansalazar","FINISHED","","entropy","10","5","","","","median","","0.6904761904761905","","",""
"2025-03-24 22:11:39","1.9s","bfffccec85d7466b982c4514e1f32ad8","Decision Tree + Feature Selection - Combo 48","LOCAL","/opt/homebrew/anaconda3/envs/mlops/lib/python3.12/site-packages/ipykernel_launcher.py","emmajuansalazar","FINISHED","","entropy","10","5","","","","mean","","0.6904761904761905","","",""
"2025-03-24 22:11:33","1.9s","439c53161463432aabece025b1e3e9d6","Decision Tree + Feature Selection - Combo 45","LOCAL","/opt/homebrew/anaconda3/envs/mlops/lib/python3.12/site-packages/ipykernel_launcher.py","emmajuansalazar","FINISHED","","entropy","10","2","","","","mean","","0.6904761904761905","","",""
"2025-03-24 22:11:26","1.7s","c07cec5cac3344f4a36ac4862be1edd9","Decision Tree + Feature Selection - Combo 41","LOCAL","/opt/homebrew/anaconda3/envs/mlops/lib/python3.12/site-packages/ipykernel_launcher.py","emmajuansalazar","FINISHED","","entropy","5","5","","","","0.01","","0.6904761904761905","","",""
"2025-03-24 22:11:22","2.0s","24035c76f1ad44dbb2306d23f5d52de3","Decision Tree + Feature Selection - Combo 39","LOCAL","/opt/homebrew/anaconda3/envs/mlops/lib/python3.12/site-packages/ipykernel_launcher.py","emmajuansalazar","FINISHED","","entropy","5","5","","","","mean","","0.6904761904761905","","",""
"2025-03-24 22:11:20","1.8s","651f5a1d608d4eb282f917625d59bbeb","Decision Tree + Feature Selection - Combo 38","LOCAL","/opt/homebrew/anaconda3/envs/mlops/lib/python3.12/site-packages/ipykernel_launcher.py","emmajuansalazar","FINISHED","","entropy","5","2","","","","0.01","","0.6904761904761905","","",""
"2025-03-24 22:11:17","1.9s","a14402e7e3484f25ab811b398f24ec73","Decision Tree + Feature Selection - Combo 36","LOCAL","/opt/homebrew/anaconda3/envs/mlops/lib/python3.12/site-packages/ipykernel_launcher.py","emmajuansalazar","FINISHED","","entropy","5","2","","","","mean","","0.6904761904761905","","",""
"2025-03-24 22:11:06","1.8s","5fddfab70f6e4b46baf8d2b51faa396a","Decision Tree + Feature Selection - Combo 30","LOCAL","/opt/homebrew/anaconda3/envs/mlops/lib/python3.12/site-packages/ipykernel_launcher.py","emmajuansalazar","FINISHED","","entropy","None","5","","","","mean","","0.6904761904761905","","",""
"2025-03-24 22:11:00","1.8s","02a8e40495a84a5581f83f0b59c952b7","Decision Tree + Feature Selection - Combo 27","LOCAL","/opt/homebrew/anaconda3/envs/mlops/lib/python3.12/site-packages/ipykernel_launcher.py","emmajuansalazar","FINISHED","","entropy","None","2","","","","mean","","0.6904761904761905","","",""
"2025-03-24 22:10:54","1.7s","467da4a50a2442fd81d21130848f689d","Decision Tree + Feature Selection - Combo 23","LOCAL","/opt/homebrew/anaconda3/envs/mlops/lib/python3.12/site-packages/ipykernel_launcher.py","emmajuansalazar","FINISHED","","gini","10","5","","","","0.01","","0.6904761904761905","","",""
"2025-03-24 22:10:52","1.6s","b1bd01aa780b4abfa3115f1cd3c02b84","Decision Tree + Feature Selection - Combo 22","LOCAL","/opt/homebrew/anaconda3/envs/mlops/lib/python3.12/site-packages/ipykernel_launcher.py","emmajuansalazar","FINISHED","","gini","10","5","","","","median","","0.6904761904761905","","",""
"2025-03-24 22:10:34","1.7s","f36dc0b317a64d50b38351cb6e3cae68","Decision Tree + Feature Selection - Combo 12","LOCAL","/opt/homebrew/anaconda3/envs/mlops/lib/python3.12/site-packages/ipykernel_launcher.py","emmajuansalazar","FINISHED","","gini","5","5","","","","mean","","0.6904761904761905","","",""
"2025-03-24 22:10:32","1.7s","a933adbb46a34c9ca69118096fac92f4","Decision Tree + Feature Selection - Combo 11","LOCAL","/opt/homebrew/anaconda3/envs/mlops/lib/python3.12/site-packages/ipykernel_launcher.py","emmajuansalazar","FINISHED","","gini","5","2","","","","0.01","","0.6904761904761905","","",""
"2025-03-24 22:10:29","1.9s","eb41ba051af24fe59ea02f1b8870fd8c","Decision Tree + Feature Selection - Combo 9","LOCAL","/opt/homebrew/anaconda3/envs/mlops/lib/python3.12/site-packages/ipykernel_launcher.py","emmajuansalazar","FINISHED","","gini","5","2","","","","mean","","0.6904761904761905","","",""
"2025-03-24 22:10:04","1.8s","58f11f6c414b41878548b16b8b64a82d","Decision Tree - Combo 19","LOCAL","/opt/homebrew/anaconda3/envs/mlops/lib/python3.12/site-packages/ipykernel_launcher.py","emmajuansalazar","FINISHED","","entropy","10","5","","","","","","0.6904761904761905","","",""
"2025-03-24 22:09:43","1.7s","c4624c817e0c406485be56af0b26f46a","Decision Tree - Combo 7","LOCAL","/opt/homebrew/anaconda3/envs/mlops/lib/python3.12/site-packages/ipykernel_launcher.py","emmajuansalazar","FINISHED","","gini","10","5","","","","","","0.6904761904761905","","",""
"2025-03-24 22:11:48","1.9s","db72754f4f7a4baa96cc751204dc430a","Decision Tree + Feature Selection - Combo 53","LOCAL","/opt/homebrew/anaconda3/envs/mlops/lib/python3.12/site-packages/ipykernel_launcher.py","emmajuansalazar","FINISHED","","entropy","10","10","","","","0.01","","0.6666666666666666","","",""
"2025-03-24 22:11:44","1.8s","f73af327012b4a6bb7e51089df7e7f15","Decision Tree + Feature Selection - Combo 51","LOCAL","/opt/homebrew/anaconda3/envs/mlops/lib/python3.12/site-packages/ipykernel_launcher.py","emmajuansalazar","FINISHED","","entropy","10","10","","","","mean","","0.6666666666666666","","",""
"2025-03-24 22:11:43","1.6s","fb0ccc47d67e493997f1504fa4f575c6","Decision Tree + Feature Selection - Combo 50","LOCAL","/opt/homebrew/anaconda3/envs/mlops/lib/python3.12/site-packages/ipykernel_launcher.py","emmajuansalazar","FINISHED","","entropy","10","5","","","","0.01","","0.6666666666666666","","",""
"2025-03-24 22:11:15","1.9s","dca5755c56a34418ba4699b34fc22787","Decision Tree + Feature Selection - Combo 35","LOCAL","/opt/homebrew/anaconda3/envs/mlops/lib/python3.12/site-packages/ipykernel_launcher.py","emmajuansalazar","FINISHED","","entropy","None","10","","","","0.01","","0.6666666666666666","","",""
"2025-03-24 22:11:11","1.8s","173c8b09a0754f828fe007b84f96d3a0","Decision Tree + Feature Selection - Combo 33","LOCAL","/opt/homebrew/anaconda3/envs/mlops/lib/python3.12/site-packages/ipykernel_launcher.py","emmajuansalazar","FINISHED","","entropy","None","10","","","","mean","","0.6666666666666666","","",""
"2025-03-24 22:10:59","1.8s","7bd16797dce14b738b36c4afe8443701","Decision Tree + Feature Selection - Combo 26","LOCAL","/opt/homebrew/anaconda3/envs/mlops/lib/python3.12/site-packages/ipykernel_launcher.py","emmajuansalazar","FINISHED","","gini","10","10","","","","0.01","","0.6666666666666666","","",""
"2025-03-24 22:10:57","1.6s","07b2ba764a5b4e08a279c4a3e74de3f6","Decision Tree + Feature Selection - Combo 25","LOCAL","/opt/homebrew/anaconda3/envs/mlops/lib/python3.12/site-packages/ipykernel_launcher.py","emmajuansalazar","FINISHED","","gini","10","10","","","","median","","0.6666666666666666","","",""
"2025-03-24 22:10:48","2.0s","497de363d3f14b98a2924b4133290d8d","Decision Tree + Feature Selection - Combo 20","LOCAL","/opt/homebrew/anaconda3/envs/mlops/lib/python3.12/site-packages/ipykernel_launcher.py","emmajuansalazar","FINISHED","","gini","10","2","","","","0.01","","0.6666666666666666","","",""
"2025-03-24 22:10:47","1.7s","d841721e0c084242981ede2981b5e9ed","Decision Tree + Feature Selection - Combo 19","LOCAL","/opt/homebrew/anaconda3/envs/mlops/lib/python3.12/site-packages/ipykernel_launcher.py","emmajuansalazar","FINISHED","","gini","10","2","","","","median","","0.6666666666666666","","",""
"2025-03-24 22:10:27","2.0s","c2eae0ed420640b287bab49186b74daa","Decision Tree + Feature Selection - Combo 8","LOCAL","/opt/homebrew/anaconda3/envs/mlops/lib/python3.12/site-packages/ipykernel_launcher.py","emmajuansalazar","FINISHED","","gini","None","10","","","","0.01","","0.6666666666666666","","",""
"2025-03-24 22:10:25","1.8s","040da111b5a64686bfb00acab5f350da","Decision Tree + Feature Selection - Combo 7","LOCAL","/opt/homebrew/anaconda3/envs/mlops/lib/python3.12/site-packages/ipykernel_launcher.py","emmajuansalazar","FINISHED","","gini","None","10","","","","median","","0.6666666666666666","","",""
"2025-03-24 22:10:14","1.7s","e9fe65f8af344547a4e8d6e4ec33f227","Decision Tree + Feature Selection - Combo 1","LOCAL","/opt/homebrew/anaconda3/envs/mlops/lib/python3.12/site-packages/ipykernel_launcher.py","emmajuansalazar","FINISHED","","gini","None","2","","","","median","","0.6666666666666666","","",""
"2025-03-24 22:09:55","1.8s","051749226f524ec2b22160f7e7eb420c","Decision Tree - Combo 14","LOCAL","/opt/homebrew/anaconda3/envs/mlops/lib/python3.12/site-packages/ipykernel_launcher.py","emmajuansalazar","FINISHED","","entropy","3","10","","","","","","0.6666666666666666","","",""
"2025-03-24 22:09:54","1.7s","dd017078f8f24a7192b4ddb2b20127aa","Decision Tree - Combo 13","LOCAL","/opt/homebrew/anaconda3/envs/mlops/lib/python3.12/site-packages/ipykernel_launcher.py","emmajuansalazar","FINISHED","","entropy","3","5","","","","","","0.6666666666666666","","",""
"2025-03-24 22:09:52","1.7s","6d7b63990efd457bb784aff9206ebee2","Decision Tree - Combo 12","LOCAL","/opt/homebrew/anaconda3/envs/mlops/lib/python3.12/site-packages/ipykernel_launcher.py","emmajuansalazar","FINISHED","","entropy","3","2","","","","","","0.6666666666666666","","",""
"2025-03-24 22:09:50","1.8s","29c5bac5d4674414b8b807b3189c1053","Decision Tree - Combo 11","LOCAL","/opt/homebrew/anaconda3/envs/mlops/lib/python3.12/site-packages/ipykernel_launcher.py","emmajuansalazar","FINISHED","","gini","None","10","","","","","","0.6666666666666666","","",""
"2025-03-24 22:09:47","1.7s","44db985a11b346788a88b24ee6e2efe5","Decision Tree - Combo 9","LOCAL","/opt/homebrew/anaconda3/envs/mlops/lib/python3.12/site-packages/ipykernel_launcher.py","emmajuansalazar","FINISHED","","gini","None","2","","","","","","0.6666666666666666","","",""
"2025-03-24 22:09:45","1.8s","07f7719702b24624b59593cbd8b06409","Decision Tree - Combo 8","LOCAL","/opt/homebrew/anaconda3/envs/mlops/lib/python3.12/site-packages/ipykernel_launcher.py","emmajuansalazar","FINISHED","","gini","10","10","","","","","","0.6666666666666666","","",""
"2025-03-24 22:09:41","1.8s","9697b251dc1c41be86e3f20ac38edeee","Decision Tree - Combo 6","LOCAL","/opt/homebrew/anaconda3/envs/mlops/lib/python3.12/site-packages/ipykernel_launcher.py","emmajuansalazar","FINISHED","","gini","10","2","","","","","","0.6666666666666666","","",""
"2025-03-24 22:09:34","1.7s","3e03d0b16dda42589489f7233b518af6","Decision Tree - Combo 2","LOCAL","/opt/homebrew/anaconda3/envs/mlops/lib/python3.12/site-packages/ipykernel_launcher.py","emmajuansalazar","FINISHED","","gini","3","10","","","","","","0.6666666666666666","","",""
"2025-03-24 22:09:33","1.6s","ac483d3bc64a4f4bb2f4ed8ee676eb5f","Decision Tree - Combo 1","LOCAL","/opt/homebrew/anaconda3/envs/mlops/lib/python3.12/site-packages/ipykernel_launcher.py","emmajuansalazar","FINISHED","","gini","3","5","","","","","","0.6666666666666666","","",""
"2025-03-24 22:09:31","1.9s","084d0668594e4c2b9c5bd19cec7e5eb5","Decision Tree - Combo 0","LOCAL","/opt/homebrew/anaconda3/envs/mlops/lib/python3.12/site-packages/ipykernel_launcher.py","emmajuansalazar","FINISHED","","gini","3","2","","","","","","0.6666666666666666","","",""
"2025-03-24 22:11:46","1.9s","b87f10ea26914aac891935b2a4ef4496","Decision Tree + Feature Selection - Combo 52","LOCAL","/opt/homebrew/anaconda3/envs/mlops/lib/python3.12/site-packages/ipykernel_launcher.py","emmajuansalazar","FINISHED","","entropy","10","10","","","","median","","0.6428571428571429","","",""
"2025-03-24 22:11:35","1.9s","fce158a88ab644b48a35da924fe44415","Decision Tree + Feature Selection - Combo 46","LOCAL","/opt/homebrew/anaconda3/envs/mlops/lib/python3.12/site-packages/ipykernel_launcher.py","emmajuansalazar","FINISHED","","entropy","10","2","","","","median","","0.6428571428571429","","",""
"2025-03-24 22:11:32","1.7s","8c413abb40ca406199e5655879c09226","Decision Tree + Feature Selection - Combo 44","LOCAL","/opt/homebrew/anaconda3/envs/mlops/lib/python3.12/site-packages/ipykernel_launcher.py","emmajuansalazar","FINISHED","","entropy","5","10","","","","0.01","","0.6428571428571429","","",""
"2025-03-24 22:11:30","2.0s","883322aae5d5464dac735ee2e2870ee3","Decision Tree + Feature Selection - Combo 43","LOCAL","/opt/homebrew/anaconda3/envs/mlops/lib/python3.12/site-packages/ipykernel_launcher.py","emmajuansalazar","FINISHED","","entropy","5","10","","","","median","","0.6428571428571429","","",""
"2025-03-24 22:11:28","1.9s","addfa5a6101847069f2c32b87d550962","Decision Tree + Feature Selection - Combo 42","LOCAL","/opt/homebrew/anaconda3/envs/mlops/lib/python3.12/site-packages/ipykernel_launcher.py","emmajuansalazar","FINISHED","","entropy","5","10","","","","mean","","0.6428571428571429","","",""
"2025-03-24 22:11:24","2.1s","eb7ef805e1f5472b984f56318d535424","Decision Tree + Feature Selection - Combo 40","LOCAL","/opt/homebrew/anaconda3/envs/mlops/lib/python3.12/site-packages/ipykernel_launcher.py","emmajuansalazar","FINISHED","","entropy","5","5","","","","median","","0.6428571428571429","","",""
"2025-03-24 22:11:19","1.7s","faea4976d23d4eaf9acbaab32aba2776","Decision Tree + Feature Selection - Combo 37","LOCAL","/opt/homebrew/anaconda3/envs/mlops/lib/python3.12/site-packages/ipykernel_launcher.py","emmajuansalazar","FINISHED","","entropy","5","2","","","","median","","0.6428571428571429","","",""
"2025-03-24 22:11:13","1.7s","5f3acacf26e6454d85bdc7cfc0db0077","Decision Tree + Feature Selection - Combo 34","LOCAL","/opt/homebrew/anaconda3/envs/mlops/lib/python3.12/site-packages/ipykernel_launcher.py","emmajuansalazar","FINISHED","","entropy","None","10","","","","median","","0.6428571428571429","","",""
"2025-03-24 22:10:55","1.6s","27c9a17ec37945c9b8ebf78a6ba18a78","Decision Tree + Feature Selection - Combo 24","LOCAL","/opt/homebrew/anaconda3/envs/mlops/lib/python3.12/site-packages/ipykernel_launcher.py","emmajuansalazar","FINISHED","","gini","10","10","","","","mean","","0.6428571428571429","","",""
"2025-03-24 22:10:50","1.7s","ac168042178142128717d5f15dd06184","Decision Tree + Feature Selection - Combo 21","LOCAL","/opt/homebrew/anaconda3/envs/mlops/lib/python3.12/site-packages/ipykernel_launcher.py","emmajuansalazar","FINISHED","","gini","10","5","","","","mean","","0.6428571428571429","","",""
"2025-03-24 22:10:45","1.6s","08e6e89ddd15450e82e3c65f22cf5792","Decision Tree + Feature Selection - Combo 18","LOCAL","/opt/homebrew/anaconda3/envs/mlops/lib/python3.12/site-packages/ipykernel_launcher.py","emmajuansalazar","FINISHED","","gini","10","2","","","","mean","","0.6428571428571429","","",""
"2025-03-24 22:10:43","1.9s","f3b556e27870462ea2c586ad25bfe856","Decision Tree + Feature Selection - Combo 17","LOCAL","/opt/homebrew/anaconda3/envs/mlops/lib/python3.12/site-packages/ipykernel_launcher.py","emmajuansalazar","FINISHED","","gini","5","10","","","","0.01","","0.6428571428571429","","",""
"2025-03-24 22:10:41","1.7s","5003a6e4dfda414da1ffe4106e19b3a5","Decision Tree + Feature Selection - Combo 16","LOCAL","/opt/homebrew/anaconda3/envs/mlops/lib/python3.12/site-packages/ipykernel_launcher.py","emmajuansalazar","FINISHED","","gini","5","10","","","","median","","0.6428571428571429","","",""
"2025-03-24 22:10:40","1.8s","8b140cac50154f7ebb6a217af0cd2e02","Decision Tree + Feature Selection - Combo 15","LOCAL","/opt/homebrew/anaconda3/envs/mlops/lib/python3.12/site-packages/ipykernel_launcher.py","emmajuansalazar","FINISHED","","gini","5","10","","","","mean","","0.6428571428571429","","",""
"2025-03-24 22:10:36","1.9s","4f1991b96a7a4bd881311eae20a8267f","Decision Tree + Feature Selection - Combo 13","LOCAL","/opt/homebrew/anaconda3/envs/mlops/lib/python3.12/site-packages/ipykernel_launcher.py","emmajuansalazar","FINISHED","","gini","5","5","","","","median","","0.6428571428571429","","",""
"2025-03-24 22:10:30","1.7s","232988ab75034a3b9d77d04c905b6fec","Decision Tree + Feature Selection - Combo 10","LOCAL","/opt/homebrew/anaconda3/envs/mlops/lib/python3.12/site-packages/ipykernel_launcher.py","emmajuansalazar","FINISHED","","gini","5","2","","","","median","","0.6428571428571429","","",""
"2025-03-24 22:10:23","1.6s","6f8660aac885448bb872a18ba46034e7","Decision Tree + Feature Selection - Combo 6","LOCAL","/opt/homebrew/anaconda3/envs/mlops/lib/python3.12/site-packages/ipykernel_launcher.py","emmajuansalazar","FINISHED","","gini","None","10","","","","mean","","0.6428571428571429","","",""
"2025-03-24 22:10:18","1.7s","8eb929b4f1b04e0086af17d584a5b64a","Decision Tree + Feature Selection - Combo 3","LOCAL","/opt/homebrew/anaconda3/envs/mlops/lib/python3.12/site-packages/ipykernel_launcher.py","emmajuansalazar","FINISHED","","gini","None","5","","","","mean","","0.6428571428571429","","",""
"2025-03-24 22:10:13","1.7s","28cf63fc79944d319fdeaf458581aba7","Decision Tree + Feature Selection - Combo 0","LOCAL","/opt/homebrew/anaconda3/envs/mlops/lib/python3.12/site-packages/ipykernel_launcher.py","emmajuansalazar","FINISHED","","gini","None","2","","","","mean","","0.6428571428571429","","",""
"2025-03-24 22:10:11","1.8s","8828b90df53e4775bcf8e021f1532c49","Decision Tree - Combo 23","LOCAL","/opt/homebrew/anaconda3/envs/mlops/lib/python3.12/site-packages/ipykernel_launcher.py","emmajuansalazar","FINISHED","","entropy","None","10","","","","","","0.6428571428571429","","",""
"2025-03-24 22:10:06","1.7s","ce11fd33d186487789d89fed73a97302","Decision Tree - Combo 20","LOCAL","/opt/homebrew/anaconda3/envs/mlops/lib/python3.12/site-packages/ipykernel_launcher.py","emmajuansalazar","FINISHED","","entropy","10","10","","","","","","0.6428571428571429","","",""
"2025-03-24 22:10:02","1.7s","7234b2739b354fb596be2cc3d2f6da71","Decision Tree - Combo 18","LOCAL","/opt/homebrew/anaconda3/envs/mlops/lib/python3.12/site-packages/ipykernel_launcher.py","emmajuansalazar","FINISHED","","entropy","10","2","","","","","","0.6428571428571429","","",""
"2025-03-24 22:10:00","1.7s","f408f88c461c474bb3cdfa581b428f10","Decision Tree - Combo 17","LOCAL","/opt/homebrew/anaconda3/envs/mlops/lib/python3.12/site-packages/ipykernel_launcher.py","emmajuansalazar","FINISHED","","entropy","5","10","","","","","","0.6428571428571429","","",""
"2025-03-24 22:09:59","1.8s","53d76ee06f0c4bb6853403d679791d03","Decision Tree - Combo 16","LOCAL","/opt/homebrew/anaconda3/envs/mlops/lib/python3.12/site-packages/ipykernel_launcher.py","emmajuansalazar","FINISHED","","entropy","5","5","","","","","","0.6428571428571429","","",""
"2025-03-24 22:09:57","1.6s","50393c7e5fa44798a7e8af6a60d6904e","Decision Tree - Combo 15","LOCAL","/opt/homebrew/anaconda3/envs/mlops/lib/python3.12/site-packages/ipykernel_launcher.py","emmajuansalazar","FINISHED","","entropy","5","2","","","","","","0.6428571428571429","","",""
"2025-03-24 22:09:39","1.8s","0b0cfe22d2ee4f339d9208154f981f06","Decision Tree - Combo 5","LOCAL","/opt/homebrew/anaconda3/envs/mlops/lib/python3.12/site-packages/ipykernel_launcher.py","emmajuansalazar","FINISHED","","gini","5","10","","","","","","0.6428571428571429","","",""
"2025-03-24 22:09:38","1.6s","6232c05803cf4f31b00f5cd1ac7433b3","Decision Tree - Combo 4","LOCAL","/opt/homebrew/anaconda3/envs/mlops/lib/python3.12/site-packages/ipykernel_launcher.py","emmajuansalazar","FINISHED","","gini","5","5","","","","","","0.6428571428571429","","",""
"2025-03-24 22:09:36","1.8s","9ad0f4b5813042c4a8a20838e9b3ddb9","Decision Tree - Combo 3","LOCAL","/opt/homebrew/anaconda3/envs/mlops/lib/python3.12/site-packages/ipykernel_launcher.py","emmajuansalazar","FINISHED","","gini","5","2","","","","","","0.6428571428571429","","",""
"2025-03-24 22:11:37","1.9s","43e3fbbb63e84b36b8250cffb3c80c56","Decision Tree + Feature Selection - Combo 47","LOCAL","/opt/homebrew/anaconda3/envs/mlops/lib/python3.12/site-packages/ipykernel_launcher.py","emmajuansalazar","FINISHED","","entropy","10","2","","","","0.01","","0.6190476190476191","","",""
"2025-03-24 22:10:16","1.7s","2061572cd0764646a12cb38eeb0caa6d","Decision Tree + Feature Selection - Combo 2","LOCAL","/opt/homebrew/anaconda3/envs/mlops/lib/python3.12/site-packages/ipykernel_launcher.py","emmajuansalazar","FINISHED","","gini","None","2","","","","0.01","","0.6190476190476191","","",""
"2025-03-24 22:18:30","1.6s","1179588150d24480bf65e9f6b491d4e2","Final Model Evaluation","LOCAL","/opt/homebrew/anaconda3/envs/mlops/lib/python3.12/site-packages/ipykernel_launcher.py","emmajuansalazar","FINISHED","","","","","","","","","0.7857142857142857","","e034f0e3fb014ed090feec0ab1f1a4d3","",""
"2025-03-24 22:12:36","9ms","f9c5a05f495f4c14993d61afba57311a","Decision Tree + Feature Selection - Combo 71","LOCAL","/opt/homebrew/anaconda3/envs/mlops/lib/python3.12/site-packages/ipykernel_launcher.py","emmajuansalazar","FINISHED","","entropy","10","5","200","","","0.01","","","","failed","Invalid parameter 'n_estimators' for estimator DecisionTreeClassifier(criterion='entropy', max_depth=10, min_samples_split=5,
                       random_state=42). Valid parameters are: ['ccp_alpha', 'class_weight', 'criterion', 'max_depth', 'max_features', 'max_leaf_nodes', 'min_impurity_decrease', 'min_samples_leaf', 'min_samples_split', 'min_weight_fraction_leaf', 'monotonic_cst', 'random_state', 'splitter']."
"2025-03-24 22:12:36","8ms","7fee8577d9314b3b922671d225e080b4","Decision Tree + Feature Selection - Combo 70","LOCAL","/opt/homebrew/anaconda3/envs/mlops/lib/python3.12/site-packages/ipykernel_launcher.py","emmajuansalazar","FINISHED","","entropy","10","5","200","","","median","","","","failed","Invalid parameter 'n_estimators' for estimator DecisionTreeClassifier(criterion='entropy', max_depth=10, min_samples_split=5,
                       random_state=42). Valid parameters are: ['ccp_alpha', 'class_weight', 'criterion', 'max_depth', 'max_features', 'max_leaf_nodes', 'min_impurity_decrease', 'min_samples_leaf', 'min_samples_split', 'min_weight_fraction_leaf', 'monotonic_cst', 'random_state', 'splitter']."
"2025-03-24 22:12:36","8ms","57eda1170a3f4a06aa76513a0fbfdebb","Decision Tree + Feature Selection - Combo 69","LOCAL","/opt/homebrew/anaconda3/envs/mlops/lib/python3.12/site-packages/ipykernel_launcher.py","emmajuansalazar","FINISHED","","entropy","10","5","200","","","mean","","","","failed","Invalid parameter 'n_estimators' for estimator DecisionTreeClassifier(criterion='entropy', max_depth=10, min_samples_split=5,
                       random_state=42). Valid parameters are: ['ccp_alpha', 'class_weight', 'criterion', 'max_depth', 'max_features', 'max_leaf_nodes', 'min_impurity_decrease', 'min_samples_leaf', 'min_samples_split', 'min_weight_fraction_leaf', 'monotonic_cst', 'random_state', 'splitter']."
"2025-03-24 22:12:36","9ms","bc84ff6c86cd4f72b7a10f58fab12f25","Decision Tree + Feature Selection - Combo 68","LOCAL","/opt/homebrew/anaconda3/envs/mlops/lib/python3.12/site-packages/ipykernel_launcher.py","emmajuansalazar","FINISHED","","entropy","10","5","100","","","0.01","","","","failed","Invalid parameter 'n_estimators' for estimator DecisionTreeClassifier(criterion='entropy', max_depth=10, min_samples_split=5,
                       random_state=42). Valid parameters are: ['ccp_alpha', 'class_weight', 'criterion', 'max_depth', 'max_features', 'max_leaf_nodes', 'min_impurity_decrease', 'min_samples_leaf', 'min_samples_split', 'min_weight_fraction_leaf', 'monotonic_cst', 'random_state', 'splitter']."
"2025-03-24 22:12:36","9ms","311a965006b0453592f036dc6f5e16dc","Decision Tree + Feature Selection - Combo 67","LOCAL","/opt/homebrew/anaconda3/envs/mlops/lib/python3.12/site-packages/ipykernel_launcher.py","emmajuansalazar","FINISHED","","entropy","10","5","100","","","median","","","","failed","Invalid parameter 'n_estimators' for estimator DecisionTreeClassifier(criterion='entropy', max_depth=10, min_samples_split=5,
                       random_state=42). Valid parameters are: ['ccp_alpha', 'class_weight', 'criterion', 'max_depth', 'max_features', 'max_leaf_nodes', 'min_impurity_decrease', 'min_samples_leaf', 'min_samples_split', 'min_weight_fraction_leaf', 'monotonic_cst', 'random_state', 'splitter']."
"2025-03-24 22:12:36","9ms","160cd0540bdd4c6a9473630edd5291bf","Decision Tree + Feature Selection - Combo 66","LOCAL","/opt/homebrew/anaconda3/envs/mlops/lib/python3.12/site-packages/ipykernel_launcher.py","emmajuansalazar","FINISHED","","entropy","10","5","100","","","mean","","","","failed","Invalid parameter 'n_estimators' for estimator DecisionTreeClassifier(criterion='entropy', max_depth=10, min_samples_split=5,
                       random_state=42). Valid parameters are: ['ccp_alpha', 'class_weight', 'criterion', 'max_depth', 'max_features', 'max_leaf_nodes', 'min_impurity_decrease', 'min_samples_leaf', 'min_samples_split', 'min_weight_fraction_leaf', 'monotonic_cst', 'random_state', 'splitter']."
"2025-03-24 22:12:36","8ms","5ebec4c83eaf4bc692206e5ca67fa449","Decision Tree + Feature Selection - Combo 65","LOCAL","/opt/homebrew/anaconda3/envs/mlops/lib/python3.12/site-packages/ipykernel_launcher.py","emmajuansalazar","FINISHED","","entropy","10","2","200","","","0.01","","","","failed","Invalid parameter 'n_estimators' for estimator DecisionTreeClassifier(criterion='entropy', max_depth=10, random_state=42). Valid parameters are: ['ccp_alpha', 'class_weight', 'criterion', 'max_depth', 'max_features', 'max_leaf_nodes', 'min_impurity_decrease', 'min_samples_leaf', 'min_samples_split', 'min_weight_fraction_leaf', 'monotonic_cst', 'random_state', 'splitter']."
"2025-03-24 22:12:36","9ms","2f4651fc33f145b1a7da6f25e3ca1031","Decision Tree + Feature Selection - Combo 64","LOCAL","/opt/homebrew/anaconda3/envs/mlops/lib/python3.12/site-packages/ipykernel_launcher.py","emmajuansalazar","FINISHED","","entropy","10","2","200","","","median","","","","failed","Invalid parameter 'n_estimators' for estimator DecisionTreeClassifier(criterion='entropy', max_depth=10, random_state=42). Valid parameters are: ['ccp_alpha', 'class_weight', 'criterion', 'max_depth', 'max_features', 'max_leaf_nodes', 'min_impurity_decrease', 'min_samples_leaf', 'min_samples_split', 'min_weight_fraction_leaf', 'monotonic_cst', 'random_state', 'splitter']."
"2025-03-24 22:12:36","8ms","e1ab8e1d5c3b44f1b06636620e714a1c","Decision Tree + Feature Selection - Combo 63","LOCAL","/opt/homebrew/anaconda3/envs/mlops/lib/python3.12/site-packages/ipykernel_launcher.py","emmajuansalazar","FINISHED","","entropy","10","2","200","","","mean","","","","failed","Invalid parameter 'n_estimators' for estimator DecisionTreeClassifier(criterion='entropy', max_depth=10, random_state=42). Valid parameters are: ['ccp_alpha', 'class_weight', 'criterion', 'max_depth', 'max_features', 'max_leaf_nodes', 'min_impurity_decrease', 'min_samples_leaf', 'min_samples_split', 'min_weight_fraction_leaf', 'monotonic_cst', 'random_state', 'splitter']."
"2025-03-24 22:12:36","8ms","4e78d8635c9248199ef0c8232ca4e546","Decision Tree + Feature Selection - Combo 62","LOCAL","/opt/homebrew/anaconda3/envs/mlops/lib/python3.12/site-packages/ipykernel_launcher.py","emmajuansalazar","FINISHED","","entropy","10","2","100","","","0.01","","","","failed","Invalid parameter 'n_estimators' for estimator DecisionTreeClassifier(criterion='entropy', max_depth=10, random_state=42). Valid parameters are: ['ccp_alpha', 'class_weight', 'criterion', 'max_depth', 'max_features', 'max_leaf_nodes', 'min_impurity_decrease', 'min_samples_leaf', 'min_samples_split', 'min_weight_fraction_leaf', 'monotonic_cst', 'random_state', 'splitter']."
"2025-03-24 22:12:36","7ms","25d735d3681145f091cdddf37db172d2","Decision Tree + Feature Selection - Combo 61","LOCAL","/opt/homebrew/anaconda3/envs/mlops/lib/python3.12/site-packages/ipykernel_launcher.py","emmajuansalazar","FINISHED","","entropy","10","2","100","","","median","","","","failed","Invalid parameter 'n_estimators' for estimator DecisionTreeClassifier(criterion='entropy', max_depth=10, random_state=42). Valid parameters are: ['ccp_alpha', 'class_weight', 'criterion', 'max_depth', 'max_features', 'max_leaf_nodes', 'min_impurity_decrease', 'min_samples_leaf', 'min_samples_split', 'min_weight_fraction_leaf', 'monotonic_cst', 'random_state', 'splitter']."
"2025-03-24 22:12:36","7ms","c9c3d72188c249658139cdc370f541bb","Decision Tree + Feature Selection - Combo 60","LOCAL","/opt/homebrew/anaconda3/envs/mlops/lib/python3.12/site-packages/ipykernel_launcher.py","emmajuansalazar","FINISHED","","entropy","10","2","100","","","mean","","","","failed","Invalid parameter 'n_estimators' for estimator DecisionTreeClassifier(criterion='entropy', max_depth=10, random_state=42). Valid parameters are: ['ccp_alpha', 'class_weight', 'criterion', 'max_depth', 'max_features', 'max_leaf_nodes', 'min_impurity_decrease', 'min_samples_leaf', 'min_samples_split', 'min_weight_fraction_leaf', 'monotonic_cst', 'random_state', 'splitter']."
"2025-03-24 22:12:36","7ms","7164bf58ac734abc9a17e2067e9843b3","Decision Tree + Feature Selection - Combo 59","LOCAL","/opt/homebrew/anaconda3/envs/mlops/lib/python3.12/site-packages/ipykernel_launcher.py","emmajuansalazar","FINISHED","","entropy","5","5","200","","","0.01","","","","failed","Invalid parameter 'n_estimators' for estimator DecisionTreeClassifier(criterion='entropy', max_depth=5, min_samples_split=5,
                       random_state=42). Valid parameters are: ['ccp_alpha', 'class_weight', 'criterion', 'max_depth', 'max_features', 'max_leaf_nodes', 'min_impurity_decrease', 'min_samples_leaf', 'min_samples_split', 'min_weight_fraction_leaf', 'monotonic_cst', 'random_state', 'splitter']."
"2025-03-24 22:12:36","7ms","1a9ca69442344624874634072714605d","Decision Tree + Feature Selection - Combo 58","LOCAL","/opt/homebrew/anaconda3/envs/mlops/lib/python3.12/site-packages/ipykernel_launcher.py","emmajuansalazar","FINISHED","","entropy","5","5","200","","","median","","","","failed","Invalid parameter 'n_estimators' for estimator DecisionTreeClassifier(criterion='entropy', max_depth=5, min_samples_split=5,
                       random_state=42). Valid parameters are: ['ccp_alpha', 'class_weight', 'criterion', 'max_depth', 'max_features', 'max_leaf_nodes', 'min_impurity_decrease', 'min_samples_leaf', 'min_samples_split', 'min_weight_fraction_leaf', 'monotonic_cst', 'random_state', 'splitter']."
"2025-03-24 22:12:36","8ms","52a63e0b2d65428ea821c4ffac28d4ee","Decision Tree + Feature Selection - Combo 57","LOCAL","/opt/homebrew/anaconda3/envs/mlops/lib/python3.12/site-packages/ipykernel_launcher.py","emmajuansalazar","FINISHED","","entropy","5","5","200","","","mean","","","","failed","Invalid parameter 'n_estimators' for estimator DecisionTreeClassifier(criterion='entropy', max_depth=5, min_samples_split=5,
                       random_state=42). Valid parameters are: ['ccp_alpha', 'class_weight', 'criterion', 'max_depth', 'max_features', 'max_leaf_nodes', 'min_impurity_decrease', 'min_samples_leaf', 'min_samples_split', 'min_weight_fraction_leaf', 'monotonic_cst', 'random_state', 'splitter']."
"2025-03-24 22:12:36","8ms","05d4c3158e16442285b337914dfd9dd6","Decision Tree + Feature Selection - Combo 56","LOCAL","/opt/homebrew/anaconda3/envs/mlops/lib/python3.12/site-packages/ipykernel_launcher.py","emmajuansalazar","FINISHED","","entropy","5","5","100","","","0.01","","","","failed","Invalid parameter 'n_estimators' for estimator DecisionTreeClassifier(criterion='entropy', max_depth=5, min_samples_split=5,
                       random_state=42). Valid parameters are: ['ccp_alpha', 'class_weight', 'criterion', 'max_depth', 'max_features', 'max_leaf_nodes', 'min_impurity_decrease', 'min_samples_leaf', 'min_samples_split', 'min_weight_fraction_leaf', 'monotonic_cst', 'random_state', 'splitter']."
"2025-03-24 22:12:36","10ms","7a94614a94724a8fa435910c52ff443b","Decision Tree + Feature Selection - Combo 55","LOCAL","/opt/homebrew/anaconda3/envs/mlops/lib/python3.12/site-packages/ipykernel_launcher.py","emmajuansalazar","FINISHED","","entropy","5","5","100","","","median","","","","failed","Invalid parameter 'n_estimators' for estimator DecisionTreeClassifier(criterion='entropy', max_depth=5, min_samples_split=5,
                       random_state=42). Valid parameters are: ['ccp_alpha', 'class_weight', 'criterion', 'max_depth', 'max_features', 'max_leaf_nodes', 'min_impurity_decrease', 'min_samples_leaf', 'min_samples_split', 'min_weight_fraction_leaf', 'monotonic_cst', 'random_state', 'splitter']."
"2025-03-24 22:12:36","15ms","70173f51e4e44b34a800dedfe6115aad","Decision Tree + Feature Selection - Combo 54","LOCAL","/opt/homebrew/anaconda3/envs/mlops/lib/python3.12/site-packages/ipykernel_launcher.py","emmajuansalazar","FINISHED","","entropy","5","5","100","","","mean","","","","failed","Invalid parameter 'n_estimators' for estimator DecisionTreeClassifier(criterion='entropy', max_depth=5, min_samples_split=5,
                       random_state=42). Valid parameters are: ['ccp_alpha', 'class_weight', 'criterion', 'max_depth', 'max_features', 'max_leaf_nodes', 'min_impurity_decrease', 'min_samples_leaf', 'min_samples_split', 'min_weight_fraction_leaf', 'monotonic_cst', 'random_state', 'splitter']."
"2025-03-24 22:12:36","9ms","0a2ccc3e86f84c8e84f9228ad8d5845a","Decision Tree + Feature Selection - Combo 53","LOCAL","/opt/homebrew/anaconda3/envs/mlops/lib/python3.12/site-packages/ipykernel_launcher.py","emmajuansalazar","FINISHED","","entropy","5","2","200","","","0.01","","","","failed","Invalid parameter 'n_estimators' for estimator DecisionTreeClassifier(criterion='entropy', max_depth=5, random_state=42). Valid parameters are: ['ccp_alpha', 'class_weight', 'criterion', 'max_depth', 'max_features', 'max_leaf_nodes', 'min_impurity_decrease', 'min_samples_leaf', 'min_samples_split', 'min_weight_fraction_leaf', 'monotonic_cst', 'random_state', 'splitter']."
"2025-03-24 22:12:36","9ms","a124eb6ce05a4585be1dcf39c4d7e08b","Decision Tree + Feature Selection - Combo 52","LOCAL","/opt/homebrew/anaconda3/envs/mlops/lib/python3.12/site-packages/ipykernel_launcher.py","emmajuansalazar","FINISHED","","entropy","5","2","200","","","median","","","","failed","Invalid parameter 'n_estimators' for estimator DecisionTreeClassifier(criterion='entropy', max_depth=5, random_state=42). Valid parameters are: ['ccp_alpha', 'class_weight', 'criterion', 'max_depth', 'max_features', 'max_leaf_nodes', 'min_impurity_decrease', 'min_samples_leaf', 'min_samples_split', 'min_weight_fraction_leaf', 'monotonic_cst', 'random_state', 'splitter']."
"2025-03-24 22:12:36","8ms","e86a29156d5946798a2f64b90fdfe095","Decision Tree + Feature Selection - Combo 51","LOCAL","/opt/homebrew/anaconda3/envs/mlops/lib/python3.12/site-packages/ipykernel_launcher.py","emmajuansalazar","FINISHED","","entropy","5","2","200","","","mean","","","","failed","Invalid parameter 'n_estimators' for estimator DecisionTreeClassifier(criterion='entropy', max_depth=5, random_state=42). Valid parameters are: ['ccp_alpha', 'class_weight', 'criterion', 'max_depth', 'max_features', 'max_leaf_nodes', 'min_impurity_decrease', 'min_samples_leaf', 'min_samples_split', 'min_weight_fraction_leaf', 'monotonic_cst', 'random_state', 'splitter']."
"2025-03-24 22:12:36","9ms","e029f3258e314afc80b193b43a463d29","Decision Tree + Feature Selection - Combo 50","LOCAL","/opt/homebrew/anaconda3/envs/mlops/lib/python3.12/site-packages/ipykernel_launcher.py","emmajuansalazar","FINISHED","","entropy","5","2","100","","","0.01","","","","failed","Invalid parameter 'n_estimators' for estimator DecisionTreeClassifier(criterion='entropy', max_depth=5, random_state=42). Valid parameters are: ['ccp_alpha', 'class_weight', 'criterion', 'max_depth', 'max_features', 'max_leaf_nodes', 'min_impurity_decrease', 'min_samples_leaf', 'min_samples_split', 'min_weight_fraction_leaf', 'monotonic_cst', 'random_state', 'splitter']."
"2025-03-24 22:12:36","9ms","e4898438b43e440cb072b3b7b04a61b6","Decision Tree + Feature Selection - Combo 49","LOCAL","/opt/homebrew/anaconda3/envs/mlops/lib/python3.12/site-packages/ipykernel_launcher.py","emmajuansalazar","FINISHED","","entropy","5","2","100","","","median","","","","failed","Invalid parameter 'n_estimators' for estimator DecisionTreeClassifier(criterion='entropy', max_depth=5, random_state=42). Valid parameters are: ['ccp_alpha', 'class_weight', 'criterion', 'max_depth', 'max_features', 'max_leaf_nodes', 'min_impurity_decrease', 'min_samples_leaf', 'min_samples_split', 'min_weight_fraction_leaf', 'monotonic_cst', 'random_state', 'splitter']."
"2025-03-24 22:12:36","8ms","6faa291826484da59c7921c25b975c65","Decision Tree + Feature Selection - Combo 48","LOCAL","/opt/homebrew/anaconda3/envs/mlops/lib/python3.12/site-packages/ipykernel_launcher.py","emmajuansalazar","FINISHED","","entropy","5","2","100","","","mean","","","","failed","Invalid parameter 'n_estimators' for estimator DecisionTreeClassifier(criterion='entropy', max_depth=5, random_state=42). Valid parameters are: ['ccp_alpha', 'class_weight', 'criterion', 'max_depth', 'max_features', 'max_leaf_nodes', 'min_impurity_decrease', 'min_samples_leaf', 'min_samples_split', 'min_weight_fraction_leaf', 'monotonic_cst', 'random_state', 'splitter']."
"2025-03-24 22:12:36","9ms","061e4fbab1804a67b587360ba23bf0fd","Decision Tree + Feature Selection - Combo 47","LOCAL","/opt/homebrew/anaconda3/envs/mlops/lib/python3.12/site-packages/ipykernel_launcher.py","emmajuansalazar","FINISHED","","entropy","None","5","200","","","0.01","","","","failed","Invalid parameter 'n_estimators' for estimator DecisionTreeClassifier(criterion='entropy', min_samples_split=5,
                       random_state=42). Valid parameters are: ['ccp_alpha', 'class_weight', 'criterion', 'max_depth', 'max_features', 'max_leaf_nodes', 'min_impurity_decrease', 'min_samples_leaf', 'min_samples_split', 'min_weight_fraction_leaf', 'monotonic_cst', 'random_state', 'splitter']."
"2025-03-24 22:12:36","8ms","47c13f91caf246fb89eed802aacfe115","Decision Tree + Feature Selection - Combo 46","LOCAL","/opt/homebrew/anaconda3/envs/mlops/lib/python3.12/site-packages/ipykernel_launcher.py","emmajuansalazar","FINISHED","","entropy","None","5","200","","","median","","","","failed","Invalid parameter 'n_estimators' for estimator DecisionTreeClassifier(criterion='entropy', min_samples_split=5,
                       random_state=42). Valid parameters are: ['ccp_alpha', 'class_weight', 'criterion', 'max_depth', 'max_features', 'max_leaf_nodes', 'min_impurity_decrease', 'min_samples_leaf', 'min_samples_split', 'min_weight_fraction_leaf', 'monotonic_cst', 'random_state', 'splitter']."
"2025-03-24 22:12:36","9ms","fd73fa975f8f441d8f481c535252f17a","Decision Tree + Feature Selection - Combo 45","LOCAL","/opt/homebrew/anaconda3/envs/mlops/lib/python3.12/site-packages/ipykernel_launcher.py","emmajuansalazar","FINISHED","","entropy","None","5","200","","","mean","","","","failed","Invalid parameter 'n_estimators' for estimator DecisionTreeClassifier(criterion='entropy', min_samples_split=5,
                       random_state=42). Valid parameters are: ['ccp_alpha', 'class_weight', 'criterion', 'max_depth', 'max_features', 'max_leaf_nodes', 'min_impurity_decrease', 'min_samples_leaf', 'min_samples_split', 'min_weight_fraction_leaf', 'monotonic_cst', 'random_state', 'splitter']."
"2025-03-24 22:12:36","9ms","54d1ab65de2a405cadee026b498dcd10","Decision Tree + Feature Selection - Combo 44","LOCAL","/opt/homebrew/anaconda3/envs/mlops/lib/python3.12/site-packages/ipykernel_launcher.py","emmajuansalazar","FINISHED","","entropy","None","5","100","","","0.01","","","","failed","Invalid parameter 'n_estimators' for estimator DecisionTreeClassifier(criterion='entropy', min_samples_split=5,
                       random_state=42). Valid parameters are: ['ccp_alpha', 'class_weight', 'criterion', 'max_depth', 'max_features', 'max_leaf_nodes', 'min_impurity_decrease', 'min_samples_leaf', 'min_samples_split', 'min_weight_fraction_leaf', 'monotonic_cst', 'random_state', 'splitter']."
"2025-03-24 22:12:36","8ms","145d638dd5a04bc887692485d0a4b063","Decision Tree + Feature Selection - Combo 43","LOCAL","/opt/homebrew/anaconda3/envs/mlops/lib/python3.12/site-packages/ipykernel_launcher.py","emmajuansalazar","FINISHED","","entropy","None","5","100","","","median","","","","failed","Invalid parameter 'n_estimators' for estimator DecisionTreeClassifier(criterion='entropy', min_samples_split=5,
                       random_state=42). Valid parameters are: ['ccp_alpha', 'class_weight', 'criterion', 'max_depth', 'max_features', 'max_leaf_nodes', 'min_impurity_decrease', 'min_samples_leaf', 'min_samples_split', 'min_weight_fraction_leaf', 'monotonic_cst', 'random_state', 'splitter']."
"2025-03-24 22:12:36","9ms","219b3bfd2ea042dabd3e030a5d0545fd","Decision Tree + Feature Selection - Combo 42","LOCAL","/opt/homebrew/anaconda3/envs/mlops/lib/python3.12/site-packages/ipykernel_launcher.py","emmajuansalazar","FINISHED","","entropy","None","5","100","","","mean","","","","failed","Invalid parameter 'n_estimators' for estimator DecisionTreeClassifier(criterion='entropy', min_samples_split=5,
                       random_state=42). Valid parameters are: ['ccp_alpha', 'class_weight', 'criterion', 'max_depth', 'max_features', 'max_leaf_nodes', 'min_impurity_decrease', 'min_samples_leaf', 'min_samples_split', 'min_weight_fraction_leaf', 'monotonic_cst', 'random_state', 'splitter']."
"2025-03-24 22:12:36","10ms","9647d9196c6f46e9b97759c4853a2c72","Decision Tree + Feature Selection - Combo 41","LOCAL","/opt/homebrew/anaconda3/envs/mlops/lib/python3.12/site-packages/ipykernel_launcher.py","emmajuansalazar","FINISHED","","entropy","None","2","200","","","0.01","","","","failed","Invalid parameter 'n_estimators' for estimator DecisionTreeClassifier(criterion='entropy', random_state=42). Valid parameters are: ['ccp_alpha', 'class_weight', 'criterion', 'max_depth', 'max_features', 'max_leaf_nodes', 'min_impurity_decrease', 'min_samples_leaf', 'min_samples_split', 'min_weight_fraction_leaf', 'monotonic_cst', 'random_state', 'splitter']."
"2025-03-24 22:12:36","8ms","f31c5772b5f045f9929264648c9c32d2","Decision Tree + Feature Selection - Combo 40","LOCAL","/opt/homebrew/anaconda3/envs/mlops/lib/python3.12/site-packages/ipykernel_launcher.py","emmajuansalazar","FINISHED","","entropy","None","2","200","","","median","","","","failed","Invalid parameter 'n_estimators' for estimator DecisionTreeClassifier(criterion='entropy', random_state=42). Valid parameters are: ['ccp_alpha', 'class_weight', 'criterion', 'max_depth', 'max_features', 'max_leaf_nodes', 'min_impurity_decrease', 'min_samples_leaf', 'min_samples_split', 'min_weight_fraction_leaf', 'monotonic_cst', 'random_state', 'splitter']."
"2025-03-24 22:12:35","9ms","1e4b324d469b4cc78075a0c327b20239","Decision Tree + Feature Selection - Combo 39","LOCAL","/opt/homebrew/anaconda3/envs/mlops/lib/python3.12/site-packages/ipykernel_launcher.py","emmajuansalazar","FINISHED","","entropy","None","2","200","","","mean","","","","failed","Invalid parameter 'n_estimators' for estimator DecisionTreeClassifier(criterion='entropy', random_state=42). Valid parameters are: ['ccp_alpha', 'class_weight', 'criterion', 'max_depth', 'max_features', 'max_leaf_nodes', 'min_impurity_decrease', 'min_samples_leaf', 'min_samples_split', 'min_weight_fraction_leaf', 'monotonic_cst', 'random_state', 'splitter']."
"2025-03-24 22:12:35","8ms","0c8f5d7fc8eb49508b7f1e35356dfcd5","Decision Tree + Feature Selection - Combo 38","LOCAL","/opt/homebrew/anaconda3/envs/mlops/lib/python3.12/site-packages/ipykernel_launcher.py","emmajuansalazar","FINISHED","","entropy","None","2","100","","","0.01","","","","failed","Invalid parameter 'n_estimators' for estimator DecisionTreeClassifier(criterion='entropy', random_state=42). Valid parameters are: ['ccp_alpha', 'class_weight', 'criterion', 'max_depth', 'max_features', 'max_leaf_nodes', 'min_impurity_decrease', 'min_samples_leaf', 'min_samples_split', 'min_weight_fraction_leaf', 'monotonic_cst', 'random_state', 'splitter']."
"2025-03-24 22:12:35","8ms","2ba6567306d449ba9707d6d220d8ae4d","Decision Tree + Feature Selection - Combo 37","LOCAL","/opt/homebrew/anaconda3/envs/mlops/lib/python3.12/site-packages/ipykernel_launcher.py","emmajuansalazar","FINISHED","","entropy","None","2","100","","","median","","","","failed","Invalid parameter 'n_estimators' for estimator DecisionTreeClassifier(criterion='entropy', random_state=42). Valid parameters are: ['ccp_alpha', 'class_weight', 'criterion', 'max_depth', 'max_features', 'max_leaf_nodes', 'min_impurity_decrease', 'min_samples_leaf', 'min_samples_split', 'min_weight_fraction_leaf', 'monotonic_cst', 'random_state', 'splitter']."
"2025-03-24 22:12:35","8ms","81afeb6feb86496a9fa54dac2af61145","Decision Tree + Feature Selection - Combo 36","LOCAL","/opt/homebrew/anaconda3/envs/mlops/lib/python3.12/site-packages/ipykernel_launcher.py","emmajuansalazar","FINISHED","","entropy","None","2","100","","","mean","","","","failed","Invalid parameter 'n_estimators' for estimator DecisionTreeClassifier(criterion='entropy', random_state=42). Valid parameters are: ['ccp_alpha', 'class_weight', 'criterion', 'max_depth', 'max_features', 'max_leaf_nodes', 'min_impurity_decrease', 'min_samples_leaf', 'min_samples_split', 'min_weight_fraction_leaf', 'monotonic_cst', 'random_state', 'splitter']."
"2025-03-24 22:12:35","8ms","3f051f8afdcb4317b3b3cf3bd3b2e2d4","Decision Tree + Feature Selection - Combo 35","LOCAL","/opt/homebrew/anaconda3/envs/mlops/lib/python3.12/site-packages/ipykernel_launcher.py","emmajuansalazar","FINISHED","","gini","10","5","200","","","0.01","","","","failed","Invalid parameter 'n_estimators' for estimator DecisionTreeClassifier(max_depth=10, min_samples_split=5, random_state=42). Valid parameters are: ['ccp_alpha', 'class_weight', 'criterion', 'max_depth', 'max_features', 'max_leaf_nodes', 'min_impurity_decrease', 'min_samples_leaf', 'min_samples_split', 'min_weight_fraction_leaf', 'monotonic_cst', 'random_state', 'splitter']."
"2025-03-24 22:12:35","8ms","7c66188ff32941838ff266cd931e2747","Decision Tree + Feature Selection - Combo 34","LOCAL","/opt/homebrew/anaconda3/envs/mlops/lib/python3.12/site-packages/ipykernel_launcher.py","emmajuansalazar","FINISHED","","gini","10","5","200","","","median","","","","failed","Invalid parameter 'n_estimators' for estimator DecisionTreeClassifier(max_depth=10, min_samples_split=5, random_state=42). Valid parameters are: ['ccp_alpha', 'class_weight', 'criterion', 'max_depth', 'max_features', 'max_leaf_nodes', 'min_impurity_decrease', 'min_samples_leaf', 'min_samples_split', 'min_weight_fraction_leaf', 'monotonic_cst', 'random_state', 'splitter']."
"2025-03-24 22:12:35","8ms","68185357713b46848cf5a38667a82852","Decision Tree + Feature Selection - Combo 33","LOCAL","/opt/homebrew/anaconda3/envs/mlops/lib/python3.12/site-packages/ipykernel_launcher.py","emmajuansalazar","FINISHED","","gini","10","5","200","","","mean","","","","failed","Invalid parameter 'n_estimators' for estimator DecisionTreeClassifier(max_depth=10, min_samples_split=5, random_state=42). Valid parameters are: ['ccp_alpha', 'class_weight', 'criterion', 'max_depth', 'max_features', 'max_leaf_nodes', 'min_impurity_decrease', 'min_samples_leaf', 'min_samples_split', 'min_weight_fraction_leaf', 'monotonic_cst', 'random_state', 'splitter']."
"2025-03-24 22:12:35","13ms","7a858b587aa34eca91328055760458d8","Decision Tree + Feature Selection - Combo 32","LOCAL","/opt/homebrew/anaconda3/envs/mlops/lib/python3.12/site-packages/ipykernel_launcher.py","emmajuansalazar","FINISHED","","gini","10","5","100","","","0.01","","","","failed","Invalid parameter 'n_estimators' for estimator DecisionTreeClassifier(max_depth=10, min_samples_split=5, random_state=42). Valid parameters are: ['ccp_alpha', 'class_weight', 'criterion', 'max_depth', 'max_features', 'max_leaf_nodes', 'min_impurity_decrease', 'min_samples_leaf', 'min_samples_split', 'min_weight_fraction_leaf', 'monotonic_cst', 'random_state', 'splitter']."
"2025-03-24 22:12:35","8ms","8c22b99e5f2f47cf9a6ca0355ad800d8","Decision Tree + Feature Selection - Combo 31","LOCAL","/opt/homebrew/anaconda3/envs/mlops/lib/python3.12/site-packages/ipykernel_launcher.py","emmajuansalazar","FINISHED","","gini","10","5","100","","","median","","","","failed","Invalid parameter 'n_estimators' for estimator DecisionTreeClassifier(max_depth=10, min_samples_split=5, random_state=42). Valid parameters are: ['ccp_alpha', 'class_weight', 'criterion', 'max_depth', 'max_features', 'max_leaf_nodes', 'min_impurity_decrease', 'min_samples_leaf', 'min_samples_split', 'min_weight_fraction_leaf', 'monotonic_cst', 'random_state', 'splitter']."
"2025-03-24 22:12:35","9ms","a9bb4e7e4e1a4c288ef1cbc512d817dc","Decision Tree + Feature Selection - Combo 30","LOCAL","/opt/homebrew/anaconda3/envs/mlops/lib/python3.12/site-packages/ipykernel_launcher.py","emmajuansalazar","FINISHED","","gini","10","5","100","","","mean","","","","failed","Invalid parameter 'n_estimators' for estimator DecisionTreeClassifier(max_depth=10, min_samples_split=5, random_state=42). Valid parameters are: ['ccp_alpha', 'class_weight', 'criterion', 'max_depth', 'max_features', 'max_leaf_nodes', 'min_impurity_decrease', 'min_samples_leaf', 'min_samples_split', 'min_weight_fraction_leaf', 'monotonic_cst', 'random_state', 'splitter']."
"2025-03-24 22:12:35","9ms","3be247c43ecb4ed8af370cc325908be8","Decision Tree + Feature Selection - Combo 29","LOCAL","/opt/homebrew/anaconda3/envs/mlops/lib/python3.12/site-packages/ipykernel_launcher.py","emmajuansalazar","FINISHED","","gini","10","2","200","","","0.01","","","","failed","Invalid parameter 'n_estimators' for estimator DecisionTreeClassifier(max_depth=10, random_state=42). Valid parameters are: ['ccp_alpha', 'class_weight', 'criterion', 'max_depth', 'max_features', 'max_leaf_nodes', 'min_impurity_decrease', 'min_samples_leaf', 'min_samples_split', 'min_weight_fraction_leaf', 'monotonic_cst', 'random_state', 'splitter']."
"2025-03-24 22:12:35","8ms","14661d44417a42ee8090cfd3a90573e3","Decision Tree + Feature Selection - Combo 28","LOCAL","/opt/homebrew/anaconda3/envs/mlops/lib/python3.12/site-packages/ipykernel_launcher.py","emmajuansalazar","FINISHED","","gini","10","2","200","","","median","","","","failed","Invalid parameter 'n_estimators' for estimator DecisionTreeClassifier(max_depth=10, random_state=42). Valid parameters are: ['ccp_alpha', 'class_weight', 'criterion', 'max_depth', 'max_features', 'max_leaf_nodes', 'min_impurity_decrease', 'min_samples_leaf', 'min_samples_split', 'min_weight_fraction_leaf', 'monotonic_cst', 'random_state', 'splitter']."
"2025-03-24 22:12:35","9ms","cecdcbbdfd854882a6470447b892c9c8","Decision Tree + Feature Selection - Combo 27","LOCAL","/opt/homebrew/anaconda3/envs/mlops/lib/python3.12/site-packages/ipykernel_launcher.py","emmajuansalazar","FINISHED","","gini","10","2","200","","","mean","","","","failed","Invalid parameter 'n_estimators' for estimator DecisionTreeClassifier(max_depth=10, random_state=42). Valid parameters are: ['ccp_alpha', 'class_weight', 'criterion', 'max_depth', 'max_features', 'max_leaf_nodes', 'min_impurity_decrease', 'min_samples_leaf', 'min_samples_split', 'min_weight_fraction_leaf', 'monotonic_cst', 'random_state', 'splitter']."
"2025-03-24 22:12:35","9ms","e443dba8d7824c7e884f7ca61c09474a","Decision Tree + Feature Selection - Combo 26","LOCAL","/opt/homebrew/anaconda3/envs/mlops/lib/python3.12/site-packages/ipykernel_launcher.py","emmajuansalazar","FINISHED","","gini","10","2","100","","","0.01","","","","failed","Invalid parameter 'n_estimators' for estimator DecisionTreeClassifier(max_depth=10, random_state=42). Valid parameters are: ['ccp_alpha', 'class_weight', 'criterion', 'max_depth', 'max_features', 'max_leaf_nodes', 'min_impurity_decrease', 'min_samples_leaf', 'min_samples_split', 'min_weight_fraction_leaf', 'monotonic_cst', 'random_state', 'splitter']."
"2025-03-24 22:12:35","8ms","a16df8cee079499aa39a22d55599f51e","Decision Tree + Feature Selection - Combo 25","LOCAL","/opt/homebrew/anaconda3/envs/mlops/lib/python3.12/site-packages/ipykernel_launcher.py","emmajuansalazar","FINISHED","","gini","10","2","100","","","median","","","","failed","Invalid parameter 'n_estimators' for estimator DecisionTreeClassifier(max_depth=10, random_state=42). Valid parameters are: ['ccp_alpha', 'class_weight', 'criterion', 'max_depth', 'max_features', 'max_leaf_nodes', 'min_impurity_decrease', 'min_samples_leaf', 'min_samples_split', 'min_weight_fraction_leaf', 'monotonic_cst', 'random_state', 'splitter']."
"2025-03-24 22:12:35","9ms","337cc0e242c24e6ea7240198b6e4ea62","Decision Tree + Feature Selection - Combo 24","LOCAL","/opt/homebrew/anaconda3/envs/mlops/lib/python3.12/site-packages/ipykernel_launcher.py","emmajuansalazar","FINISHED","","gini","10","2","100","","","mean","","","","failed","Invalid parameter 'n_estimators' for estimator DecisionTreeClassifier(max_depth=10, random_state=42). Valid parameters are: ['ccp_alpha', 'class_weight', 'criterion', 'max_depth', 'max_features', 'max_leaf_nodes', 'min_impurity_decrease', 'min_samples_leaf', 'min_samples_split', 'min_weight_fraction_leaf', 'monotonic_cst', 'random_state', 'splitter']."
"2025-03-24 22:12:35","8ms","ee7d39d8d0334335a13adc48dfde68de","Decision Tree + Feature Selection - Combo 23","LOCAL","/opt/homebrew/anaconda3/envs/mlops/lib/python3.12/site-packages/ipykernel_launcher.py","emmajuansalazar","FINISHED","","gini","5","5","200","","","0.01","","","","failed","Invalid parameter 'n_estimators' for estimator DecisionTreeClassifier(max_depth=5, min_samples_split=5, random_state=42). Valid parameters are: ['ccp_alpha', 'class_weight', 'criterion', 'max_depth', 'max_features', 'max_leaf_nodes', 'min_impurity_decrease', 'min_samples_leaf', 'min_samples_split', 'min_weight_fraction_leaf', 'monotonic_cst', 'random_state', 'splitter']."
"2025-03-24 22:12:35","8ms","859e42adf3544ae7bf2cd3cc740a458d","Decision Tree + Feature Selection - Combo 22","LOCAL","/opt/homebrew/anaconda3/envs/mlops/lib/python3.12/site-packages/ipykernel_launcher.py","emmajuansalazar","FINISHED","","gini","5","5","200","","","median","","","","failed","Invalid parameter 'n_estimators' for estimator DecisionTreeClassifier(max_depth=5, min_samples_split=5, random_state=42). Valid parameters are: ['ccp_alpha', 'class_weight', 'criterion', 'max_depth', 'max_features', 'max_leaf_nodes', 'min_impurity_decrease', 'min_samples_leaf', 'min_samples_split', 'min_weight_fraction_leaf', 'monotonic_cst', 'random_state', 'splitter']."
"2025-03-24 22:12:35","9ms","5a94303896324222b648fffa8cee9eaa","Decision Tree + Feature Selection - Combo 21","LOCAL","/opt/homebrew/anaconda3/envs/mlops/lib/python3.12/site-packages/ipykernel_launcher.py","emmajuansalazar","FINISHED","","gini","5","5","200","","","mean","","","","failed","Invalid parameter 'n_estimators' for estimator DecisionTreeClassifier(max_depth=5, min_samples_split=5, random_state=42). Valid parameters are: ['ccp_alpha', 'class_weight', 'criterion', 'max_depth', 'max_features', 'max_leaf_nodes', 'min_impurity_decrease', 'min_samples_leaf', 'min_samples_split', 'min_weight_fraction_leaf', 'monotonic_cst', 'random_state', 'splitter']."
"2025-03-24 22:12:35","8ms","dffc23e2baba43b6ab00a217be1bd6fb","Decision Tree + Feature Selection - Combo 20","LOCAL","/opt/homebrew/anaconda3/envs/mlops/lib/python3.12/site-packages/ipykernel_launcher.py","emmajuansalazar","FINISHED","","gini","5","5","100","","","0.01","","","","failed","Invalid parameter 'n_estimators' for estimator DecisionTreeClassifier(max_depth=5, min_samples_split=5, random_state=42). Valid parameters are: ['ccp_alpha', 'class_weight', 'criterion', 'max_depth', 'max_features', 'max_leaf_nodes', 'min_impurity_decrease', 'min_samples_leaf', 'min_samples_split', 'min_weight_fraction_leaf', 'monotonic_cst', 'random_state', 'splitter']."
"2025-03-24 22:12:35","8ms","07f27374dace495c8c7964d5f3ed1a93","Decision Tree + Feature Selection - Combo 19","LOCAL","/opt/homebrew/anaconda3/envs/mlops/lib/python3.12/site-packages/ipykernel_launcher.py","emmajuansalazar","FINISHED","","gini","5","5","100","","","median","","","","failed","Invalid parameter 'n_estimators' for estimator DecisionTreeClassifier(max_depth=5, min_samples_split=5, random_state=42). Valid parameters are: ['ccp_alpha', 'class_weight', 'criterion', 'max_depth', 'max_features', 'max_leaf_nodes', 'min_impurity_decrease', 'min_samples_leaf', 'min_samples_split', 'min_weight_fraction_leaf', 'monotonic_cst', 'random_state', 'splitter']."
"2025-03-24 22:12:35","8ms","3acca837a1fa4ac0a291da8627bdb038","Decision Tree + Feature Selection - Combo 18","LOCAL","/opt/homebrew/anaconda3/envs/mlops/lib/python3.12/site-packages/ipykernel_launcher.py","emmajuansalazar","FINISHED","","gini","5","5","100","","","mean","","","","failed","Invalid parameter 'n_estimators' for estimator DecisionTreeClassifier(max_depth=5, min_samples_split=5, random_state=42). Valid parameters are: ['ccp_alpha', 'class_weight', 'criterion', 'max_depth', 'max_features', 'max_leaf_nodes', 'min_impurity_decrease', 'min_samples_leaf', 'min_samples_split', 'min_weight_fraction_leaf', 'monotonic_cst', 'random_state', 'splitter']."
"2025-03-24 22:12:35","8ms","05c1754bd50f4aff8788d696ace9c096","Decision Tree + Feature Selection - Combo 17","LOCAL","/opt/homebrew/anaconda3/envs/mlops/lib/python3.12/site-packages/ipykernel_launcher.py","emmajuansalazar","FINISHED","","gini","5","2","200","","","0.01","","","","failed","Invalid parameter 'n_estimators' for estimator DecisionTreeClassifier(max_depth=5, random_state=42). Valid parameters are: ['ccp_alpha', 'class_weight', 'criterion', 'max_depth', 'max_features', 'max_leaf_nodes', 'min_impurity_decrease', 'min_samples_leaf', 'min_samples_split', 'min_weight_fraction_leaf', 'monotonic_cst', 'random_state', 'splitter']."
"2025-03-24 22:12:35","8ms","ef7135c6292f48f19bd6ded947236bd3","Decision Tree + Feature Selection - Combo 16","LOCAL","/opt/homebrew/anaconda3/envs/mlops/lib/python3.12/site-packages/ipykernel_launcher.py","emmajuansalazar","FINISHED","","gini","5","2","200","","","median","","","","failed","Invalid parameter 'n_estimators' for estimator DecisionTreeClassifier(max_depth=5, random_state=42). Valid parameters are: ['ccp_alpha', 'class_weight', 'criterion', 'max_depth', 'max_features', 'max_leaf_nodes', 'min_impurity_decrease', 'min_samples_leaf', 'min_samples_split', 'min_weight_fraction_leaf', 'monotonic_cst', 'random_state', 'splitter']."
"2025-03-24 22:12:35","9ms","fcd93b53115746b481931b1d02905f37","Decision Tree + Feature Selection - Combo 15","LOCAL","/opt/homebrew/anaconda3/envs/mlops/lib/python3.12/site-packages/ipykernel_launcher.py","emmajuansalazar","FINISHED","","gini","5","2","200","","","mean","","","","failed","Invalid parameter 'n_estimators' for estimator DecisionTreeClassifier(max_depth=5, random_state=42). Valid parameters are: ['ccp_alpha', 'class_weight', 'criterion', 'max_depth', 'max_features', 'max_leaf_nodes', 'min_impurity_decrease', 'min_samples_leaf', 'min_samples_split', 'min_weight_fraction_leaf', 'monotonic_cst', 'random_state', 'splitter']."
"2025-03-24 22:12:35","9ms","be65a8dfaa4a401dae9de00d30245e5a","Decision Tree + Feature Selection - Combo 14","LOCAL","/opt/homebrew/anaconda3/envs/mlops/lib/python3.12/site-packages/ipykernel_launcher.py","emmajuansalazar","FINISHED","","gini","5","2","100","","","0.01","","","","failed","Invalid parameter 'n_estimators' for estimator DecisionTreeClassifier(max_depth=5, random_state=42). Valid parameters are: ['ccp_alpha', 'class_weight', 'criterion', 'max_depth', 'max_features', 'max_leaf_nodes', 'min_impurity_decrease', 'min_samples_leaf', 'min_samples_split', 'min_weight_fraction_leaf', 'monotonic_cst', 'random_state', 'splitter']."
"2025-03-24 22:12:35","8ms","18739d85ef9c4f459437deab7ad49cda","Decision Tree + Feature Selection - Combo 13","LOCAL","/opt/homebrew/anaconda3/envs/mlops/lib/python3.12/site-packages/ipykernel_launcher.py","emmajuansalazar","FINISHED","","gini","5","2","100","","","median","","","","failed","Invalid parameter 'n_estimators' for estimator DecisionTreeClassifier(max_depth=5, random_state=42). Valid parameters are: ['ccp_alpha', 'class_weight', 'criterion', 'max_depth', 'max_features', 'max_leaf_nodes', 'min_impurity_decrease', 'min_samples_leaf', 'min_samples_split', 'min_weight_fraction_leaf', 'monotonic_cst', 'random_state', 'splitter']."
"2025-03-24 22:12:35","7ms","b37b7abd6bdb4b7783079de19ffcf354","Decision Tree + Feature Selection - Combo 12","LOCAL","/opt/homebrew/anaconda3/envs/mlops/lib/python3.12/site-packages/ipykernel_launcher.py","emmajuansalazar","FINISHED","","gini","5","2","100","","","mean","","","","failed","Invalid parameter 'n_estimators' for estimator DecisionTreeClassifier(max_depth=5, random_state=42). Valid parameters are: ['ccp_alpha', 'class_weight', 'criterion', 'max_depth', 'max_features', 'max_leaf_nodes', 'min_impurity_decrease', 'min_samples_leaf', 'min_samples_split', 'min_weight_fraction_leaf', 'monotonic_cst', 'random_state', 'splitter']."
"2025-03-24 22:12:35","7ms","8aa0c603241748dc98cfe9da7be1cba2","Decision Tree + Feature Selection - Combo 11","LOCAL","/opt/homebrew/anaconda3/envs/mlops/lib/python3.12/site-packages/ipykernel_launcher.py","emmajuansalazar","FINISHED","","gini","None","5","200","","","0.01","","","","failed","Invalid parameter 'n_estimators' for estimator DecisionTreeClassifier(min_samples_split=5, random_state=42). Valid parameters are: ['ccp_alpha', 'class_weight', 'criterion', 'max_depth', 'max_features', 'max_leaf_nodes', 'min_impurity_decrease', 'min_samples_leaf', 'min_samples_split', 'min_weight_fraction_leaf', 'monotonic_cst', 'random_state', 'splitter']."
"2025-03-24 22:12:35","8ms","aee3901aa4de452092daf4f3de79919f","Decision Tree + Feature Selection - Combo 10","LOCAL","/opt/homebrew/anaconda3/envs/mlops/lib/python3.12/site-packages/ipykernel_launcher.py","emmajuansalazar","FINISHED","","gini","None","5","200","","","median","","","","failed","Invalid parameter 'n_estimators' for estimator DecisionTreeClassifier(min_samples_split=5, random_state=42). Valid parameters are: ['ccp_alpha', 'class_weight', 'criterion', 'max_depth', 'max_features', 'max_leaf_nodes', 'min_impurity_decrease', 'min_samples_leaf', 'min_samples_split', 'min_weight_fraction_leaf', 'monotonic_cst', 'random_state', 'splitter']."
"2025-03-24 22:12:35","8ms","5552c1825c624de48643601999a6da67","Decision Tree + Feature Selection - Combo 9","LOCAL","/opt/homebrew/anaconda3/envs/mlops/lib/python3.12/site-packages/ipykernel_launcher.py","emmajuansalazar","FINISHED","","gini","None","5","200","","","mean","","","","failed","Invalid parameter 'n_estimators' for estimator DecisionTreeClassifier(min_samples_split=5, random_state=42). Valid parameters are: ['ccp_alpha', 'class_weight', 'criterion', 'max_depth', 'max_features', 'max_leaf_nodes', 'min_impurity_decrease', 'min_samples_leaf', 'min_samples_split', 'min_weight_fraction_leaf', 'monotonic_cst', 'random_state', 'splitter']."
"2025-03-24 22:12:35","9ms","e12e4f8de1074f5cba16a56ef8795272","Decision Tree + Feature Selection - Combo 8","LOCAL","/opt/homebrew/anaconda3/envs/mlops/lib/python3.12/site-packages/ipykernel_launcher.py","emmajuansalazar","FINISHED","","gini","None","5","100","","","0.01","","","","failed","Invalid parameter 'n_estimators' for estimator DecisionTreeClassifier(min_samples_split=5, random_state=42). Valid parameters are: ['ccp_alpha', 'class_weight', 'criterion', 'max_depth', 'max_features', 'max_leaf_nodes', 'min_impurity_decrease', 'min_samples_leaf', 'min_samples_split', 'min_weight_fraction_leaf', 'monotonic_cst', 'random_state', 'splitter']."
"2025-03-24 22:12:35","8ms","3520d13abe744a5ca9f40e8b76fd0430","Decision Tree + Feature Selection - Combo 7","LOCAL","/opt/homebrew/anaconda3/envs/mlops/lib/python3.12/site-packages/ipykernel_launcher.py","emmajuansalazar","FINISHED","","gini","None","5","100","","","median","","","","failed","Invalid parameter 'n_estimators' for estimator DecisionTreeClassifier(min_samples_split=5, random_state=42). Valid parameters are: ['ccp_alpha', 'class_weight', 'criterion', 'max_depth', 'max_features', 'max_leaf_nodes', 'min_impurity_decrease', 'min_samples_leaf', 'min_samples_split', 'min_weight_fraction_leaf', 'monotonic_cst', 'random_state', 'splitter']."
"2025-03-24 22:12:35","7ms","97f8083e4c2f4c67b98cc264b13a7bb3","Decision Tree + Feature Selection - Combo 6","LOCAL","/opt/homebrew/anaconda3/envs/mlops/lib/python3.12/site-packages/ipykernel_launcher.py","emmajuansalazar","FINISHED","","gini","None","5","100","","","mean","","","","failed","Invalid parameter 'n_estimators' for estimator DecisionTreeClassifier(min_samples_split=5, random_state=42). Valid parameters are: ['ccp_alpha', 'class_weight', 'criterion', 'max_depth', 'max_features', 'max_leaf_nodes', 'min_impurity_decrease', 'min_samples_leaf', 'min_samples_split', 'min_weight_fraction_leaf', 'monotonic_cst', 'random_state', 'splitter']."
"2025-03-24 22:12:35","7ms","c9d06c0e76ea4b87a258a7d654e1f6d1","Decision Tree + Feature Selection - Combo 5","LOCAL","/opt/homebrew/anaconda3/envs/mlops/lib/python3.12/site-packages/ipykernel_launcher.py","emmajuansalazar","FINISHED","","gini","None","2","200","","","0.01","","","","failed","Invalid parameter 'n_estimators' for estimator DecisionTreeClassifier(random_state=42). Valid parameters are: ['ccp_alpha', 'class_weight', 'criterion', 'max_depth', 'max_features', 'max_leaf_nodes', 'min_impurity_decrease', 'min_samples_leaf', 'min_samples_split', 'min_weight_fraction_leaf', 'monotonic_cst', 'random_state', 'splitter']."
"2025-03-24 22:12:35","9ms","53e56f57cd724ebd95000ab516783239","Decision Tree + Feature Selection - Combo 4","LOCAL","/opt/homebrew/anaconda3/envs/mlops/lib/python3.12/site-packages/ipykernel_launcher.py","emmajuansalazar","FINISHED","","gini","None","2","200","","","median","","","","failed","Invalid parameter 'n_estimators' for estimator DecisionTreeClassifier(random_state=42). Valid parameters are: ['ccp_alpha', 'class_weight', 'criterion', 'max_depth', 'max_features', 'max_leaf_nodes', 'min_impurity_decrease', 'min_samples_leaf', 'min_samples_split', 'min_weight_fraction_leaf', 'monotonic_cst', 'random_state', 'splitter']."
"2025-03-24 22:12:35","7ms","d494f3827eb941c595db8339e259a14e","Decision Tree + Feature Selection - Combo 3","LOCAL","/opt/homebrew/anaconda3/envs/mlops/lib/python3.12/site-packages/ipykernel_launcher.py","emmajuansalazar","FINISHED","","gini","None","2","200","","","mean","","","","failed","Invalid parameter 'n_estimators' for estimator DecisionTreeClassifier(random_state=42). Valid parameters are: ['ccp_alpha', 'class_weight', 'criterion', 'max_depth', 'max_features', 'max_leaf_nodes', 'min_impurity_decrease', 'min_samples_leaf', 'min_samples_split', 'min_weight_fraction_leaf', 'monotonic_cst', 'random_state', 'splitter']."
"2025-03-24 22:12:35","10ms","b44e0d6ea558411389b201b1f69d076b","Decision Tree + Feature Selection - Combo 2","LOCAL","/opt/homebrew/anaconda3/envs/mlops/lib/python3.12/site-packages/ipykernel_launcher.py","emmajuansalazar","FINISHED","","gini","None","2","100","","","0.01","","","","failed","Invalid parameter 'n_estimators' for estimator DecisionTreeClassifier(random_state=42). Valid parameters are: ['ccp_alpha', 'class_weight', 'criterion', 'max_depth', 'max_features', 'max_leaf_nodes', 'min_impurity_decrease', 'min_samples_leaf', 'min_samples_split', 'min_weight_fraction_leaf', 'monotonic_cst', 'random_state', 'splitter']."
"2025-03-24 22:12:35","9ms","c1bf6fd5912b48e7be819f68d6cffbb0","Decision Tree + Feature Selection - Combo 1","LOCAL","/opt/homebrew/anaconda3/envs/mlops/lib/python3.12/site-packages/ipykernel_launcher.py","emmajuansalazar","FINISHED","","gini","None","2","100","","","median","","","","failed","Invalid parameter 'n_estimators' for estimator DecisionTreeClassifier(random_state=42). Valid parameters are: ['ccp_alpha', 'class_weight', 'criterion', 'max_depth', 'max_features', 'max_leaf_nodes', 'min_impurity_decrease', 'min_samples_leaf', 'min_samples_split', 'min_weight_fraction_leaf', 'monotonic_cst', 'random_state', 'splitter']."
"2025-03-24 22:12:35","16ms","99345ed90f2e4e8e83ceac367c38888f","Decision Tree + Feature Selection - Combo 0","LOCAL","/opt/homebrew/anaconda3/envs/mlops/lib/python3.12/site-packages/ipykernel_launcher.py","emmajuansalazar","FINISHED","","gini","None","2","100","","","mean","","","","failed","Invalid parameter 'n_estimators' for estimator DecisionTreeClassifier(random_state=42). Valid parameters are: ['ccp_alpha', 'class_weight', 'criterion', 'max_depth', 'max_features', 'max_leaf_nodes', 'min_impurity_decrease', 'min_samples_leaf', 'min_samples_split', 'min_weight_fraction_leaf', 'monotonic_cst', 'random_state', 'splitter']."
"2025-03-24 22:09:25","12ms","49a19e6659584e8e88dc22e72265c814","Logistic Regression + Feature Selection - Combo 20","LOCAL","/opt/homebrew/anaconda3/envs/mlops/lib/python3.12/site-packages/ipykernel_launcher.py","emmajuansalazar","FINISHED","10","","","","","l1","lbfgs","0.01","","","","failed","Solver lbfgs supports only 'l2' or None penalties, got l1 penalty."
"2025-03-24 22:09:25","14ms","8130526078c94c98b9398f053a834b1c","Logistic Regression + Feature Selection - Combo 19","LOCAL","/opt/homebrew/anaconda3/envs/mlops/lib/python3.12/site-packages/ipykernel_launcher.py","emmajuansalazar","FINISHED","10","","","","","l1","lbfgs","median","","","","failed","Solver lbfgs supports only 'l2' or None penalties, got l1 penalty."
"2025-03-24 22:09:25","14ms","9c8e96c473ea4903ac7362d78445ab3a","Logistic Regression + Feature Selection - Combo 18","LOCAL","/opt/homebrew/anaconda3/envs/mlops/lib/python3.12/site-packages/ipykernel_launcher.py","emmajuansalazar","FINISHED","10","","","","","l1","lbfgs","mean","","","","failed","Solver lbfgs supports only 'l2' or None penalties, got l1 penalty."
"2025-03-24 22:09:20","11ms","6a40409df8894da4aa41f534bed588fc","Logistic Regression + Feature Selection - Combo 14","LOCAL","/opt/homebrew/anaconda3/envs/mlops/lib/python3.12/site-packages/ipykernel_launcher.py","emmajuansalazar","FINISHED","1","","","","","l1","lbfgs","0.01","","","","failed","Solver lbfgs supports only 'l2' or None penalties, got l1 penalty."
"2025-03-24 22:09:20","15ms","aca41c7c733a4454a4002cd3aa9c5fdb","Logistic Regression + Feature Selection - Combo 13","LOCAL","/opt/homebrew/anaconda3/envs/mlops/lib/python3.12/site-packages/ipykernel_launcher.py","emmajuansalazar","FINISHED","1","","","","","l1","lbfgs","median","","","","failed","Solver lbfgs supports only 'l2' or None penalties, got l1 penalty."
"2025-03-24 22:09:20","14ms","d5b6627fa81e47518c135e5bf6c81ce7","Logistic Regression + Feature Selection - Combo 12","LOCAL","/opt/homebrew/anaconda3/envs/mlops/lib/python3.12/site-packages/ipykernel_launcher.py","emmajuansalazar","FINISHED","1","","","","","l1","lbfgs","mean","","","","failed","Solver lbfgs supports only 'l2' or None penalties, got l1 penalty."
"2025-03-24 22:09:14","14ms","7a61a40e3c8f44f0b18d97d1db3555d8","Logistic Regression + Feature Selection - Combo 8","LOCAL","/opt/homebrew/anaconda3/envs/mlops/lib/python3.12/site-packages/ipykernel_launcher.py","emmajuansalazar","FINISHED","0.1","","","","","l1","lbfgs","0.01","","","","failed","Solver lbfgs supports only 'l2' or None penalties, got l1 penalty."
"2025-03-24 22:09:14","13ms","7acc0b5a57a94937b275f964abb78d9d","Logistic Regression + Feature Selection - Combo 7","LOCAL","/opt/homebrew/anaconda3/envs/mlops/lib/python3.12/site-packages/ipykernel_launcher.py","emmajuansalazar","FINISHED","0.1","","","","","l1","lbfgs","median","","","","failed","Solver lbfgs supports only 'l2' or None penalties, got l1 penalty."
"2025-03-24 22:09:14","16ms","602be45822ed4e70872cd97344680f71","Logistic Regression + Feature Selection - Combo 6","LOCAL","/opt/homebrew/anaconda3/envs/mlops/lib/python3.12/site-packages/ipykernel_launcher.py","emmajuansalazar","FINISHED","0.1","","","","","l1","lbfgs","mean","","","","failed","Solver lbfgs supports only 'l2' or None penalties, got l1 penalty."
"2025-03-24 22:09:09","13ms","a318602794524ee3af57516a2c74b6f9","Logistic Regression + Feature Selection - Combo 2","LOCAL","/opt/homebrew/anaconda3/envs/mlops/lib/python3.12/site-packages/ipykernel_launcher.py","emmajuansalazar","FINISHED","0.01","","","","","l1","lbfgs","0.01","","","","failed","Solver lbfgs supports only 'l2' or None penalties, got l1 penalty."
"2025-03-24 22:09:09","14ms","dff5795686094504bd40a8e14640ec91","Logistic Regression + Feature Selection - Combo 1","LOCAL","/opt/homebrew/anaconda3/envs/mlops/lib/python3.12/site-packages/ipykernel_launcher.py","emmajuansalazar","FINISHED","0.01","","","","","l1","lbfgs","median","","","","failed","Solver lbfgs supports only 'l2' or None penalties, got l1 penalty."
"2025-03-24 22:09:09","61ms","1263697bc6cf4931aa781bb860074388","Logistic Regression + Feature Selection - Combo 0","LOCAL","/opt/homebrew/anaconda3/envs/mlops/lib/python3.12/site-packages/ipykernel_launcher.py","emmajuansalazar","FINISHED","0.01","","","","","l1","lbfgs","mean","","","","failed","Solver lbfgs supports only 'l2' or None penalties, got l1 penalty."
"2025-03-24 22:09:07","14ms","11422e8efc0f495db4b02285da6e21bc","Logistic Regression - Combo 34","LOCAL","/opt/homebrew/anaconda3/envs/mlops/lib/python3.12/site-packages/ipykernel_launcher.py","emmajuansalazar","FINISHED","10","","","","","None","liblinear","","","","","failed","penalty=None is not supported for the liblinear solver"
"2025-03-24 22:08:57","14ms","a7496078f5014834b0596eb71affef44","Logistic Regression - Combo 27","LOCAL","/opt/homebrew/anaconda3/envs/mlops/lib/python3.12/site-packages/ipykernel_launcher.py","emmajuansalazar","FINISHED","10","","","","","l1","lbfgs","","","","","failed","Solver lbfgs supports only 'l2' or None penalties, got l1 penalty."
"2025-03-24 22:08:55","17ms","edb2575354214a9d98a7530781bdfdb1","Logistic Regression - Combo 25","LOCAL","/opt/homebrew/anaconda3/envs/mlops/lib/python3.12/site-packages/ipykernel_launcher.py","emmajuansalazar","FINISHED","1","","","","","None","liblinear","","","","","failed","penalty=None is not supported for the liblinear solver"
"2025-03-24 22:08:44","51ms","5483cf21d7974dc3a142cfd52fc9c066","Logistic Regression - Combo 18","LOCAL","/opt/homebrew/anaconda3/envs/mlops/lib/python3.12/site-packages/ipykernel_launcher.py","emmajuansalazar","FINISHED","1","","","","","l1","lbfgs","","","","","failed","Solver lbfgs supports only 'l2' or None penalties, got l1 penalty."
"2025-03-24 22:08:43","13ms","c11dfa3762a64e8397a6312d06b1158f","Logistic Regression - Combo 16","LOCAL","/opt/homebrew/anaconda3/envs/mlops/lib/python3.12/site-packages/ipykernel_launcher.py","emmajuansalazar","FINISHED","0.1","","","","","None","liblinear","","","","","failed","penalty=None is not supported for the liblinear solver"
"2025-03-24 22:08:32","12ms","f4b24c5d64524ac0b0b54bb04df64001","Logistic Regression - Combo 9","LOCAL","/opt/homebrew/anaconda3/envs/mlops/lib/python3.12/site-packages/ipykernel_launcher.py","emmajuansalazar","FINISHED","0.1","","","","","l1","lbfgs","","","","","failed","Solver lbfgs supports only 'l2' or None penalties, got l1 penalty."
"2025-03-24 22:08:30","17ms","4645e9a4a8564fc8821e0d20138d6afb","Logistic Regression - Combo 7","LOCAL","/opt/homebrew/anaconda3/envs/mlops/lib/python3.12/site-packages/ipykernel_launcher.py","emmajuansalazar","FINISHED","0.01","","","","","None","liblinear","","","","","failed","penalty=None is not supported for the liblinear solver"
"2025-03-24 22:08:20","15ms","1da47b6a2a3e4a3b83d38ca495789d02","Logistic Regression - Combo 0","LOCAL","/opt/homebrew/anaconda3/envs/mlops/lib/python3.12/site-packages/ipykernel_launcher.py","emmajuansalazar","FINISHED","0.01","","","","","l1","lbfgs","","","","","failed","Solver lbfgs supports only 'l2' or None penalties, got l1 penalty."
